nflweek,rotat,date,kickoff,side,opp,awayhome
1,Chiefs1,9/5/2024,20:20:00,Chiefs,Ravens,home
1,Ravens1,9/5/2024,20:20:00,Ravens,Chiefs,away
1,Eagles1,9/6/2024,20:15:00,Eagles,Packers,home
1,Packers1,9/6/2024,20:15:00,Packers,Eagles,away
1,Falcons1,9/8/2024,13:00:00,Falcons,Steelers,home
1,Bills1,9/8/2024,13:00:00,Bills,Cardinals,home
1,Bears1,9/8/2024,13:00:00,Bears,Titans,home
1,Bengals1,9/8/2024,13:00:00,Bengals,Patriots,home
1,Colts1,9/8/2024,13:00:00,Colts,Texans,home
1,Dolphins1,9/8/2024,13:00:00,Dolphins,Jaguars,home
1,Saints1,9/8/2024,13:00:00,Saints,Panthers,home
1,Giants1,9/8/2024,13:00:00,Giants,Vikings,home
1,Steelers1,9/8/2024,13:00:00,Steelers,Falcons,away
1,Cardinals1,9/8/2024,13:00:00,Cardinals,Bills,away
1,Titans1,9/8/2024,13:00:00,Titans,Bears,away
1,Patriots1,9/8/2024,13:00:00,Patriots,Bengals,away
1,Texans1,9/8/2024,13:00:00,Texans,Colts,away
1,Jaguars1,9/8/2024,13:00:00,Jaguars,Dolphins,away
1,Panthers1,9/8/2024,13:00:00,Panthers,Saints,away
1,Vikings1,9/8/2024,13:00:00,Vikings,Giants,away
1,Chargers1,9/8/2024,16:05:00,Chargers,Raiders,home
1,Seahawks1,9/8/2024,16:05:00,Seahawks,Broncos,home
1,Raiders1,9/8/2024,16:05:00,Raiders,Chargers,away
1,Broncos1,9/8/2024,16:05:00,Broncos,Seahawks,away
1,Browns1,9/8/2024,16:25:00,Browns,Cowboys,home
1,Buccaneers1,9/8/2024,16:25:00,Buccaneers,Commanders,home
1,Cowboys1,9/8/2024,16:25:00,Cowboys,Browns,away
1,Commanders1,9/8/2024,16:25:00,Commanders,Buccaneers,away
1,Lions1,9/8/2024,20:20:00,Lions,Rams,home
1,Rams1,9/8/2024,20:20:00,Rams,Lions,away
1,49ers1,9/9/2024,20:15:00,49ers,Jets,home
1,Jets1,9/9/2024,20:15:00,Jets,49ers,away
2,Dolphins2,9/12/2024,20:15:00,Dolphins,Bills,home
2,Bills2,9/12/2024,20:15:00,Bills,Dolphins,away
2,Ravens2,9/15/2024,13:00:00,Ravens,Raiders,home
2,Panthers2,9/15/2024,13:00:00,Panthers,Chargers,home
2,Cowboys2,9/15/2024,13:00:00,Cowboys,Saints,home
2,Lions2,9/15/2024,13:00:00,Lions,Buccaneers,home
2,Packers2,9/15/2024,13:00:00,Packers,Colts,home
2,Jaguars2,9/15/2024,13:00:00,Jaguars,Browns,home
2,Vikings2,9/15/2024,13:00:00,Vikings,49ers,home
2,Patriots2,9/15/2024,13:00:00,Patriots,Seahawks,home
2,Titans2,9/15/2024,13:00:00,Titans,Jets,home
2,Commanders2,9/15/2024,13:00:00,Commanders,Giants,home
2,Raiders2,9/15/2024,13:00:00,Raiders,Ravens,away
2,Chargers2,9/15/2024,13:00:00,Chargers,Panthers,away
2,Saints2,9/15/2024,13:00:00,Saints,Cowboys,away
2,Buccaneers2,9/15/2024,13:00:00,Buccaneers,Lions,away
2,Colts2,9/15/2024,13:00:00,Colts,Packers,away
2,Browns2,9/15/2024,13:00:00,Browns,Jaguars,away
2,49ers2,9/15/2024,13:00:00,49ers,Vikings,away
2,Seahawks2,9/15/2024,13:00:00,Seahawks,Patriots,away
2,Jets2,9/15/2024,13:00:00,Jets,Titans,away
2,Giants2,9/15/2024,13:00:00,Giants,Commanders,away
2,Cardinals2,9/15/2024,16:05:00,Cardinals,Rams,home
2,Rams2,9/15/2024,16:05:00,Rams,Cardinals,away
2,Broncos2,9/15/2024,16:25:00,Broncos,Steelers,home
2,Chiefs2,9/15/2024,16:25:00,Chiefs,Bengals,home
2,Steelers2,9/15/2024,16:25:00,Steelers,Broncos,away
2,Bengals2,9/15/2024,16:25:00,Bengals,Chiefs,away
2,Texans2,9/15/2024,20:20:00,Texans,Bears,home
2,Bears2,9/15/2024,20:20:00,Bears,Texans,away
2,Eagles2,9/16/2024,20:15:00,Eagles,Falcons,home
2,Falcons2,9/16/2024,20:15:00,Falcons,Eagles,away
3,Jets3,9/19/2024,20:15:00,Jets,Patriots,home
3,Patriots3,9/19/2024,20:15:00,Patriots,Jets,away
3,Browns3,9/22/2024,13:00:00,Browns,Giants,home
3,Colts3,9/22/2024,13:00:00,Colts,Bears,home
3,Vikings3,9/22/2024,13:00:00,Vikings,Texans,home
3,Saints3,9/22/2024,13:00:00,Saints,Eagles,home
3,Steelers3,9/22/2024,13:00:00,Steelers,Chargers,home
3,Buccaneers3,9/22/2024,13:00:00,Buccaneers,Broncos,home
3,Titans3,9/22/2024,13:00:00,Titans,Packers,home
3,Giants3,9/22/2024,13:00:00,Giants,Browns,away
3,Bears3,9/22/2024,13:00:00,Bears,Colts,away
3,Texans3,9/22/2024,13:00:00,Texans,Vikings,away
3,Eagles3,9/22/2024,13:00:00,Eagles,Saints,away
3,Chargers3,9/22/2024,13:00:00,Chargers,Steelers,away
3,Broncos3,9/22/2024,13:00:00,Broncos,Buccaneers,away
3,Packers3,9/22/2024,13:00:00,Packers,Titans,away
3,Raiders3,9/22/2024,16:05:00,Raiders,Panthers,home
3,Seahawks3,9/22/2024,16:05:00,Seahawks,Dolphins,home
3,Panthers3,9/22/2024,16:05:00,Panthers,Raiders,away
3,Dolphins3,9/22/2024,16:05:00,Dolphins,Seahawks,away
3,Cardinals3,9/22/2024,16:25:00,Cardinals,Lions,home
3,Cowboys3,9/22/2024,16:25:00,Cowboys,Ravens,home
3,Rams3,9/22/2024,16:25:00,Rams,49ers,home
3,Lions3,9/22/2024,16:25:00,Lions,Cardinals,away
3,Ravens3,9/22/2024,16:25:00,Ravens,Cowboys,away
3,49ers3,9/22/2024,16:25:00,49ers,Rams,away
3,Falcons3,9/22/2024,20:20:00,Falcons,Chiefs,home
3,Chiefs3,9/22/2024,20:20:00,Chiefs,Falcons,away
3,Bills3,9/23/2024,19:30:00,Bills,Jaguars,home
3,Jaguars3,9/23/2024,19:30:00,Jaguars,Bills,away
3,Bengals3,9/23/2024,20:15:00,Bengals,Commanders,home
3,Commanders3,9/23/2024,20:15:00,Commanders,Bengals,away
4,Giants4,9/26/2024,20:15:00,Giants,Cowboys,home
4,Cowboys4,9/26/2024,20:15:00,Cowboys,Giants,away
4,Falcons4,9/29/2024,13:00:00,Falcons,Saints,home
4,Panthers4,9/29/2024,13:00:00,Panthers,Bengals,home
4,Bears4,9/29/2024,13:00:00,Bears,Rams,home
4,Packers4,9/29/2024,13:00:00,Packers,Vikings,home
4,Texans4,9/29/2024,13:00:00,Texans,Jaguars,home
4,Colts4,9/29/2024,13:00:00,Colts,Steelers,home
4,Jets4,9/29/2024,13:00:00,Jets,Broncos,home
4,Buccaneers4,9/29/2024,13:00:00,Buccaneers,Eagles,home
4,Saints4,9/29/2024,13:00:00,Saints,Falcons,away
4,Bengals4,9/29/2024,13:00:00,Bengals,Panthers,away
4,Rams4,9/29/2024,13:00:00,Rams,Bears,away
4,Vikings4,9/29/2024,13:00:00,Vikings,Packers,away
4,Jaguars4,9/29/2024,13:00:00,Jaguars,Texans,away
4,Steelers4,9/29/2024,13:00:00,Steelers,Colts,away
4,Broncos4,9/29/2024,13:00:00,Broncos,Jets,away
4,Eagles4,9/29/2024,13:00:00,Eagles,Buccaneers,away
4,Cardinals4,9/29/2024,16:05:00,Cardinals,Commanders,home
4,49ers4,9/29/2024,16:05:00,49ers,Patriots,home
4,Commanders4,9/29/2024,16:05:00,Commanders,Cardinals,away
4,Patriots4,9/29/2024,16:05:00,Patriots,49ers,away
4,Chargers4,9/29/2024,16:25:00,Chargers,Chiefs,home
4,Raiders4,9/29/2024,16:25:00,Raiders,Browns,home
4,Chiefs4,9/29/2024,16:25:00,Chiefs,Chargers,away
4,Browns4,9/29/2024,16:25:00,Browns,Raiders,away
4,Ravens4,9/29/2024,20:20:00,Ravens,Bills,home
4,Bills4,9/29/2024,20:20:00,Bills,Ravens,away
4,Dolphins4,9/30/2024,19:30:00,Dolphins,Titans,home
4,Titans4,9/30/2024,19:30:00,Titans,Dolphins,away
4,Lions4,9/30/2024,20:15:00,Lions,Seahawks,home
4,Seahawks4,9/30/2024,20:15:00,Seahawks,Lions,away
5,Falcons5,10/3/2024,20:15:00,Falcons,Buccaneers,home
5,Buccaneers5,10/3/2024,20:15:00,Buccaneers,Falcons,away
5,Vikings5,10/6/2024,9:30:00,Vikings,Jets,home
5,Jets5,10/6/2024,9:30:00,Jets,Vikings,away
5,Bears5,10/6/2024,13:00:00,Bears,Panthers,home
5,Bengals5,10/6/2024,13:00:00,Bengals,Ravens,home
5,Texans5,10/6/2024,13:00:00,Texans,Bills,home
5,Jaguars5,10/6/2024,13:00:00,Jaguars,Colts,home
5,Patriots5,10/6/2024,13:00:00,Patriots,Dolphins,home
5,Commanders5,10/6/2024,13:00:00,Commanders,Browns,home
5,Panthers5,10/6/2024,13:00:00,Panthers,Bears,away
5,Ravens5,10/6/2024,13:00:00,Ravens,Bengals,away
5,Bills5,10/6/2024,13:00:00,Bills,Texans,away
5,Colts5,10/6/2024,13:00:00,Colts,Jaguars,away
5,Dolphins5,10/6/2024,13:00:00,Dolphins,Patriots,away
5,Browns5,10/6/2024,13:00:00,Browns,Commanders,away
5,Broncos5,10/6/2024,16:05:00,Broncos,Raiders,home
5,49ers5,10/6/2024,16:05:00,49ers,Cardinals,home
5,Raiders5,10/6/2024,16:05:00,Raiders,Broncos,away
5,Cardinals5,10/6/2024,16:05:00,Cardinals,49ers,away
5,Rams5,10/6/2024,16:25:00,Rams,Packers,home
5,Seahawks5,10/6/2024,16:25:00,Seahawks,Giants,home
5,Packers5,10/6/2024,16:25:00,Packers,Rams,away
5,Giants5,10/6/2024,16:25:00,Giants,Seahawks,away
5,Steelers5,10/6/2024,20:20:00,Steelers,Cowboys,home
5,Cowboys5,10/6/2024,20:20:00,Cowboys,Steelers,away
5,Chiefs5,10/7/2024,20:15:00,Chiefs,Saints,home
5,Saints5,10/7/2024,20:15:00,Saints,Chiefs,away
6,Seahawks6,10/10/2024,20:15:00,Seahawks,49ers,home
6,49ers6,10/10/2024,20:15:00,49ers,Seahawks,away
6,Bears6,10/13/2024,9:30:00,Bears,Jaguars,home
6,Jaguars6,10/13/2024,9:30:00,Jaguars,Bears,away
6,Ravens6,10/13/2024,13:00:00,Ravens,Commanders,home
6,Packers6,10/13/2024,13:00:00,Packers,Cardinals,home
6,Patriots6,10/13/2024,13:00:00,Patriots,Texans,home
6,Saints6,10/13/2024,13:00:00,Saints,Buccaneers,home
6,Eagles6,10/13/2024,13:00:00,Eagles,Browns,home
6,Titans6,10/13/2024,13:00:00,Titans,Colts,home
6,Commanders6,10/13/2024,13:00:00,Commanders,Ravens,away
6,Cardinals6,10/13/2024,13:00:00,Cardinals,Packers,away
6,Texans6,10/13/2024,13:00:00,Texans,Patriots,away
6,Buccaneers6,10/13/2024,13:00:00,Buccaneers,Saints,away
6,Browns6,10/13/2024,13:00:00,Browns,Eagles,away
6,Colts6,10/13/2024,13:00:00,Colts,Titans,away
6,Broncos6,10/13/2024,16:05:00,Broncos,Chargers,home
6,Raiders6,10/13/2024,16:05:00,Raiders,Steelers,home
6,Chargers6,10/13/2024,16:05:00,Chargers,Broncos,away
6,Steelers6,10/13/2024,16:05:00,Steelers,Raiders,away
6,Panthers6,10/13/2024,16:25:00,Panthers,Falcons,home
6,Cowboys6,10/13/2024,16:25:00,Cowboys,Lions,home
6,Falcons6,10/13/2024,16:25:00,Falcons,Panthers,away
6,Lions6,10/13/2024,16:25:00,Lions,Cowboys,away
6,Giants6,10/13/2024,20:20:00,Giants,Bengals,home
6,Bengals6,10/13/2024,20:20:00,Bengals,Giants,away
6,Jets6,10/14/2024,20:15:00,Jets,Bills,home
6,Bills6,10/14/2024,20:15:00,Bills,Jets,away
7,Saints7,10/17/2024,20:15:00,Saints,Broncos,home
7,Broncos7,10/17/2024,20:15:00,Broncos,Saints,away
7,Jaguars7,10/20/2024,9:30:00,Jaguars,Patriots,home
7,Patriots7,10/20/2024,9:30:00,Patriots,Jaguars,away
7,Falcons7,10/20/2024,13:00:00,Falcons,Seahawks,home
7,Bills7,10/20/2024,13:00:00,Bills,Titans,home
7,Browns7,10/20/2024,13:00:00,Browns,Bengals,home
7,Packers7,10/20/2024,13:00:00,Packers,Texans,home
7,Colts7,10/20/2024,13:00:00,Colts,Dolphins,home
7,Vikings7,10/20/2024,13:00:00,Vikings,Lions,home
7,Giants7,10/20/2024,13:00:00,Giants,Eagles,home
7,Seahawks7,10/20/2024,13:00:00,Seahawks,Falcons,away
7,Titans7,10/20/2024,13:00:00,Titans,Bills,away
7,Bengals7,10/20/2024,13:00:00,Bengals,Browns,away
7,Texans7,10/20/2024,13:00:00,Texans,Packers,away
7,Dolphins7,10/20/2024,13:00:00,Dolphins,Colts,away
7,Lions7,10/20/2024,13:00:00,Lions,Vikings,away
7,Eagles7,10/20/2024,13:00:00,Eagles,Giants,away
7,Rams7,10/20/2024,16:05:00,Rams,Raiders,home
7,Commanders7,10/20/2024,16:05:00,Commanders,Panthers,home
7,Raiders7,10/20/2024,16:05:00,Raiders,Rams,away
7,Panthers7,10/20/2024,16:05:00,Panthers,Commanders,away
7,49ers7,10/20/2024,16:25:00,49ers,Chiefs,home
7,Chiefs7,10/20/2024,16:25:00,Chiefs,49ers,away
7,Steelers7,10/20/2024,20:20:00,Steelers,Jets,home
7,Jets7,10/20/2024,20:20:00,Jets,Steelers,away
7,Buccaneers7,10/21/2024,20:15:00,Buccaneers,Ravens,home
7,Ravens7,10/21/2024,20:15:00,Ravens,Buccaneers,away
7,Cardinals7,10/21/2024,21:00:00,Cardinals,Chargers,home
7,Chargers7,10/21/2024,21:00:00,Chargers,Cardinals,away
8,Rams8,10/24/2024,20:15:00,Rams,Vikings,home
8,Vikings8,10/24/2024,20:15:00,Vikings,Rams,away
8,Browns8,10/27/2024,13:00:00,Browns,Ravens,home
8,Lions8,10/27/2024,13:00:00,Lions,Titans,home
8,Texans8,10/27/2024,13:00:00,Texans,Colts,home
8,Jaguars8,10/27/2024,13:00:00,Jaguars,Packers,home
8,Dolphins8,10/27/2024,13:00:00,Dolphins,Cardinals,home
8,Patriots8,10/27/2024,13:00:00,Patriots,Jets,home
8,Buccaneers8,10/27/2024,13:00:00,Buccaneers,Falcons,home
8,Commanders8,10/27/2024,13:00:00,Commanders,Bears,home
8,Ravens8,10/27/2024,13:00:00,Ravens,Browns,away
8,Titans8,10/27/2024,13:00:00,Titans,Lions,away
8,Colts8,10/27/2024,13:00:00,Colts,Texans,away
8,Packers8,10/27/2024,13:00:00,Packers,Jaguars,away
8,Cardinals8,10/27/2024,13:00:00,Cardinals,Dolphins,away
8,Jets8,10/27/2024,13:00:00,Jets,Patriots,away
8,Falcons8,10/27/2024,13:00:00,Falcons,Buccaneers,away
8,Bears8,10/27/2024,13:00:00,Bears,Commanders,away
8,Chargers8,10/27/2024,16:05:00,Chargers,Saints,home
8,Seahawks8,10/27/2024,16:05:00,Seahawks,Bills,home
8,Saints8,10/27/2024,16:05:00,Saints,Chargers,away
8,Bills8,10/27/2024,16:05:00,Bills,Seahawks,away
8,Bengals8,10/27/2024,16:25:00,Bengals,Eagles,home
8,Broncos8,10/27/2024,16:25:00,Broncos,Panthers,home
8,Raiders8,10/27/2024,16:25:00,Raiders,Chiefs,home
8,Eagles8,10/27/2024,16:25:00,Eagles,Bengals,away
8,Panthers8,10/27/2024,16:25:00,Panthers,Broncos,away
8,Chiefs8,10/27/2024,16:25:00,Chiefs,Raiders,away
8,49ers8,10/27/2024,20:20:00,49ers,Cowboys,home
8,Cowboys8,10/27/2024,20:20:00,Cowboys,49ers,away
8,Steelers8,10/28/2024,20:15:00,Steelers,Giants,home
8,Giants8,10/28/2024,20:15:00,Giants,Steelers,away
9,Jets9,10/31/2024,20:15:00,Jets,Texans,home
9,Texans9,10/31/2024,20:15:00,Texans,Jets,away
9,Falcons9,11/3/2024,13:00:00,Falcons,Cowboys,home
9,Ravens9,11/3/2024,13:00:00,Ravens,Broncos,home
9,Bills9,11/3/2024,13:00:00,Bills,Dolphins,home
9,Panthers9,11/3/2024,13:00:00,Panthers,Saints,home
9,Bengals9,11/3/2024,13:00:00,Bengals,Raiders,home
9,Browns9,11/3/2024,13:00:00,Browns,Chargers,home
9,Vikings9,11/3/2024,13:00:00,Vikings,Colts,home
9,Giants9,11/3/2024,13:00:00,Giants,Commanders,home
9,Titans9,11/3/2024,13:00:00,Titans,Patriots,home
9,Cowboys9,11/3/2024,13:00:00,Cowboys,Falcons,away
9,Broncos9,11/3/2024,13:00:00,Broncos,Ravens,away
9,Dolphins9,11/3/2024,13:00:00,Dolphins,Bills,away
9,Saints9,11/3/2024,13:00:00,Saints,Panthers,away
9,Raiders9,11/3/2024,13:00:00,Raiders,Bengals,away
9,Chargers9,11/3/2024,13:00:00,Chargers,Browns,away
9,Colts9,11/3/2024,13:00:00,Colts,Vikings,away
9,Commanders9,11/3/2024,13:00:00,Commanders,Giants,away
9,Patriots9,11/3/2024,13:00:00,Patriots,Titans,away
9,Cardinals9,11/3/2024,16:05:00,Cardinals,Bears,home
9,Bears9,11/3/2024,16:05:00,Bears,Cardinals,away
9,Packers9,11/3/2024,16:25:00,Packers,Lions,home
9,Seahawks9,11/3/2024,16:25:00,Seahawks,Rams,home
9,Lions9,11/3/2024,16:25:00,Lions,Packers,away
9,Rams9,11/3/2024,16:25:00,Rams,Seahawks,away
9,Eagles9,11/3/2024,20:20:00,Eagles,Jaguars,home
9,Jaguars9,11/3/2024,20:20:00,Jaguars,Eagles,away
9,Chiefs9,11/4/2024,20:15:00,Chiefs,Buccaneers,home
9,Buccaneers9,11/4/2024,20:15:00,Buccaneers,Chiefs,away
10,Ravens10,11/7/2024,20:15:00,Ravens,Bengals,home
10,Bengals10,11/7/2024,20:15:00,Bengals,Ravens,away
10,Panthers10,11/10/2024,9:30:00,Panthers,Giants,home
10,Giants10,11/10/2024,9:30:00,Giants,Panthers,away
10,Bears10,11/10/2024,13:00:00,Bears,Patriots,home
10,Colts10,11/10/2024,13:00:00,Colts,Bills,home
10,Jaguars10,11/10/2024,13:00:00,Jaguars,Vikings,home
10,Chiefs10,11/10/2024,13:00:00,Chiefs,Broncos,home
10,Saints10,11/10/2024,13:00:00,Saints,Falcons,home
10,Buccaneers10,11/10/2024,13:00:00,Buccaneers,49ers,home
10,Commanders10,11/10/2024,13:00:00,Commanders,Steelers,home
10,Patriots10,11/10/2024,13:00:00,Patriots,Bears,away
10,Bills10,11/10/2024,13:00:00,Bills,Colts,away
10,Vikings10,11/10/2024,13:00:00,Vikings,Jaguars,away
10,Broncos10,11/10/2024,13:00:00,Broncos,Chiefs,away
10,Falcons10,11/10/2024,13:00:00,Falcons,Saints,away
10,49ers10,11/10/2024,13:00:00,49ers,Buccaneers,away
10,Steelers10,11/10/2024,13:00:00,Steelers,Commanders,away
10,Chargers10,11/10/2024,16:05:00,Chargers,Titans,home
10,Titans10,11/10/2024,16:05:00,Titans,Chargers,away
10,Cardinals10,11/10/2024,16:25:00,Cardinals,Jets,home
10,Cowboys10,11/10/2024,16:25:00,Cowboys,Eagles,home
10,Jets10,11/10/2024,16:25:00,Jets,Cardinals,away
10,Eagles10,11/10/2024,16:25:00,Eagles,Cowboys,away
10,Texans10,11/10/2024,20:20:00,Texans,Lions,home
10,Lions10,11/10/2024,20:20:00,Lions,Texans,away
10,Rams10,11/11/2024,20:15:00,Rams,Dolphins,home
10,Dolphins10,11/11/2024,20:15:00,Dolphins,Rams,away
11,Eagles11,11/14/2024,20:15:00,Eagles,Commanders,home
11,Commanders11,11/14/2024,20:15:00,Commanders,Eagles,away
11,Bears11,11/17/2024,13:00:00,Bears,Packers,home
11,Lions11,11/17/2024,13:00:00,Lions,Jaguars,home
11,Dolphins11,11/17/2024,13:00:00,Dolphins,Raiders,home
11,Patriots11,11/17/2024,13:00:00,Patriots,Rams,home
11,Saints11,11/17/2024,13:00:00,Saints,Browns,home
11,Steelers11,11/17/2024,13:00:00,Steelers,Ravens,home
11,Titans11,11/17/2024,13:00:00,Titans,Vikings,home
11,Packers11,11/17/2024,13:00:00,Packers,Bears,away
11,Jaguars11,11/17/2024,13:00:00,Jaguars,Lions,away
11,Raiders11,11/17/2024,13:00:00,Raiders,Dolphins,away
11,Rams11,11/17/2024,13:00:00,Rams,Patriots,away
11,Browns11,11/17/2024,13:00:00,Browns,Saints,away
11,Ravens11,11/17/2024,13:00:00,Ravens,Steelers,away
11,Vikings11,11/17/2024,13:00:00,Vikings,Titans,away
11,Broncos11,11/17/2024,16:05:00,Broncos,Falcons,home
11,49ers11,11/17/2024,16:05:00,49ers,Seahawks,home
11,Falcons11,11/17/2024,16:05:00,Falcons,Broncos,away
11,Seahawks11,11/17/2024,16:05:00,Seahawks,49ers,away
11,Bills11,11/17/2024,16:25:00,Bills,Chiefs,home
11,Chargers11,11/17/2024,16:25:00,Chargers,Bengals,home
11,Chiefs11,11/17/2024,16:25:00,Chiefs,Bills,away
11,Bengals11,11/17/2024,16:25:00,Bengals,Chargers,away
11,Jets11,11/17/2024,20:20:00,Jets,Colts,home
11,Colts11,11/17/2024,20:20:00,Colts,Jets,away
11,Cowboys11,11/18/2024,20:15:00,Cowboys,Texans,home
11,Texans11,11/18/2024,20:15:00,Texans,Cowboys,away
12,Browns12,11/21/2024,20:15:00,Browns,Steelers,home
12,Steelers12,11/21/2024,20:15:00,Steelers,Browns,away
12,Panthers12,11/24/2024,13:00:00,Panthers,Chiefs,home
12,Bears12,11/24/2024,13:00:00,Bears,Vikings,home
12,Texans12,11/24/2024,13:00:00,Texans,Titans,home
12,Colts12,11/24/2024,13:00:00,Colts,Lions,home
12,Dolphins12,11/24/2024,13:00:00,Dolphins,Patriots,home
12,Giants12,11/24/2024,13:00:00,Giants,Buccaneers,home
12,Commanders12,11/24/2024,13:00:00,Commanders,Cowboys,home
12,Chiefs12,11/24/2024,13:00:00,Chiefs,Panthers,away
12,Vikings12,11/24/2024,13:00:00,Vikings,Bears,away
12,Titans12,11/24/2024,13:00:00,Titans,Texans,away
12,Lions12,11/24/2024,13:00:00,Lions,Colts,away
12,Patriots12,11/24/2024,13:00:00,Patriots,Dolphins,away
12,Buccaneers12,11/24/2024,13:00:00,Buccaneers,Giants,away
12,Cowboys12,11/24/2024,13:00:00,Cowboys,Commanders,away
12,Raiders12,11/24/2024,16:05:00,Raiders,Broncos,home
12,Broncos12,11/24/2024,16:05:00,Broncos,Raiders,away
12,Packers12,11/24/2024,16:25:00,Packers,49ers,home
12,Seahawks12,11/24/2024,16:25:00,Seahawks,Cardinals,home
12,49ers12,11/24/2024,16:25:00,49ers,Packers,away
12,Cardinals12,11/24/2024,16:25:00,Cardinals,Seahawks,away
12,Rams12,11/24/2024,20:20:00,Rams,Eagles,home
12,Eagles12,11/24/2024,20:20:00,Eagles,Rams,away
12,Chargers12,11/25/2024,20:15:00,Chargers,Ravens,home
12,Ravens12,11/25/2024,20:15:00,Ravens,Chargers,away
13,Lions13,11/28/2024,12:30:00,Lions,Bears,home
13,Bears13,11/28/2024,12:30:00,Bears,Lions,away
13,Cowboys13,11/28/2024,16:30:00,Cowboys,Giants,home
13,Giants13,11/28/2024,16:30:00,Giants,Cowboys,away
13,Packers13,11/28/2024,20:20:00,Packers,Dolphins,home
13,Dolphins13,11/28/2024,20:20:00,Dolphins,Packers,away
13,Chiefs13,11/29/2024,15:00:00,Chiefs,Raiders,home
13,Raiders13,11/29/2024,15:00:00,Raiders,Chiefs,away
13,Falcons13,12/1/2024,13:00:00,Falcons,Chargers,home
13,Bengals13,12/1/2024,13:00:00,Bengals,Steelers,home
13,Jaguars13,12/1/2024,13:00:00,Jaguars,Texans,home
13,Vikings13,12/1/2024,13:00:00,Vikings,Cardinals,home
13,Patriots13,12/1/2024,13:00:00,Patriots,Colts,home
13,Jets13,12/1/2024,13:00:00,Jets,Seahawks,home
13,Commanders13,12/1/2024,13:00:00,Commanders,Titans,home
13,Chargers13,12/1/2024,13:00:00,Chargers,Falcons,away
13,Steelers13,12/1/2024,13:00:00,Steelers,Bengals,away
13,Texans13,12/1/2024,13:00:00,Texans,Jaguars,away
13,Cardinals13,12/1/2024,13:00:00,Cardinals,Vikings,away
13,Colts13,12/1/2024,13:00:00,Colts,Patriots,away
13,Seahawks13,12/1/2024,13:00:00,Seahawks,Jets,away
13,Titans13,12/1/2024,13:00:00,Titans,Commanders,away
13,Panthers13,12/1/2024,16:05:00,Panthers,Buccaneers,home
13,Saints13,12/1/2024,16:05:00,Saints,Rams,home
13,Buccaneers13,12/1/2024,16:05:00,Buccaneers,Panthers,away
13,Rams13,12/1/2024,16:05:00,Rams,Saints,away
13,Ravens13,12/1/2024,16:25:00,Ravens,Eagles,home
13,Eagles13,12/1/2024,16:25:00,Eagles,Ravens,away
13,Bills13,12/1/2024,20:20:00,Bills,49ers,home
13,49ers13,12/1/2024,20:20:00,49ers,Bills,away
13,Broncos13,12/2/2024,20:15:00,Broncos,Browns,home
13,Browns13,12/2/2024,20:15:00,Browns,Broncos,away
14,Lions14,12/5/2024,20:15:00,Lions,Packers,home
14,Packers14,12/5/2024,20:15:00,Packers,Lions,away
14,Dolphins14,12/8/2024,13:00:00,Dolphins,Jets,home
14,Vikings14,12/8/2024,13:00:00,Vikings,Falcons,home
14,Giants14,12/8/2024,13:00:00,Giants,Saints,home
14,Eagles14,12/8/2024,13:00:00,Eagles,Panthers,home
14,Steelers14,12/8/2024,13:00:00,Steelers,Browns,home
14,Buccaneers14,12/8/2024,13:00:00,Buccaneers,Raiders,home
14,Titans14,12/8/2024,13:00:00,Titans,Jaguars,home
14,Jets14,12/8/2024,13:00:00,Jets,Dolphins,away
14,Falcons14,12/8/2024,13:00:00,Falcons,Vikings,away
14,Saints14,12/8/2024,13:00:00,Saints,Giants,away
14,Panthers14,12/8/2024,13:00:00,Panthers,Eagles,away
14,Browns14,12/8/2024,13:00:00,Browns,Steelers,away
14,Raiders14,12/8/2024,13:00:00,Raiders,Buccaneers,away
14,Jaguars14,12/8/2024,13:00:00,Jaguars,Titans,away
14,Cardinals14,12/8/2024,16:05:00,Cardinals,Seahawks,home
14,Seahawks14,12/8/2024,16:05:00,Seahawks,Cardinals,away
14,Rams14,12/8/2024,16:25:00,Rams,Bills,home
14,49ers14,12/8/2024,16:25:00,49ers,Bears,home
14,Bills14,12/8/2024,16:25:00,Bills,Rams,away
14,Bears14,12/8/2024,16:25:00,Bears,49ers,away
14,Chiefs14,12/8/2024,20:20:00,Chiefs,Chargers,home
14,Chargers14,12/8/2024,20:20:00,Chargers,Chiefs,away
14,Cowboys14,12/9/2024,20:15:00,Cowboys,Bengals,home
14,Bengals14,12/9/2024,20:15:00,Bengals,Cowboys,away
15,49ers15,12/12/2024,20:15:00,49ers,Rams,home
15,Rams15,12/12/2024,20:15:00,Rams,49ers,away
15,Panthers15,12/15/2024,13:00:00,Panthers,Cowboys,home
15,Browns15,12/15/2024,13:00:00,Browns,Chiefs,home
15,Texans15,12/15/2024,13:00:00,Texans,Dolphins,home
15,Jaguars15,12/15/2024,13:00:00,Jaguars,Jets,home
15,Saints15,12/15/2024,13:00:00,Saints,Commanders,home
15,Giants15,12/15/2024,13:00:00,Giants,Ravens,home
15,Titans15,12/15/2024,13:00:00,Titans,Bengals,home
15,Cowboys15,12/15/2024,13:00:00,Cowboys,Panthers,away
15,Chiefs15,12/15/2024,13:00:00,Chiefs,Browns,away
15,Dolphins15,12/15/2024,13:00:00,Dolphins,Texans,away
15,Jets15,12/15/2024,13:00:00,Jets,Jaguars,away
15,Commanders15,12/15/2024,13:00:00,Commanders,Saints,away
15,Ravens15,12/15/2024,13:00:00,Ravens,Giants,away
15,Bengals15,12/15/2024,13:00:00,Bengals,Titans,away
15,Cardinals15,12/15/2024,16:25:00,Cardinals,Patriots,home
15,Broncos15,12/15/2024,16:25:00,Broncos,Colts,home
15,Lions15,12/15/2024,16:25:00,Lions,Bills,home
15,Chargers15,12/15/2024,16:25:00,Chargers,Buccaneers,home
15,Eagles15,12/15/2024,16:25:00,Eagles,Steelers,home
15,Patriots15,12/15/2024,16:25:00,Patriots,Cardinals,away
15,Colts15,12/15/2024,16:25:00,Colts,Broncos,away
15,Bills15,12/15/2024,16:25:00,Bills,Lions,away
15,Buccaneers15,12/15/2024,16:25:00,Buccaneers,Chargers,away
15,Steelers15,12/15/2024,16:25:00,Steelers,Eagles,away
15,Seahawks15,12/15/2024,20:20:00,Seahawks,Packers,home
15,Packers15,12/15/2024,20:20:00,Packers,Seahawks,away
15,Vikings15,12/16/2024,20:00:00,Vikings,Bears,home
15,Bears15,12/16/2024,20:00:00,Bears,Vikings,away
15,Raiders15,12/16/2024,20:30:00,Raiders,Falcons,home
15,Falcons15,12/16/2024,20:30:00,Falcons,Raiders,away
16,Bengals16,12/22/2024,16:25:00,Bengals,Browns,home
16,Browns16,12/22/2024,16:25:00,Browns,Bengals,away
16,Chiefs16,12/21/2024,13:00:00,Chiefs,Texans,home
16,Texans16,12/21/2024,13:00:00,Texans,Chiefs,away
16,Ravens16,12/21/2024,16:30:00,Ravens,Steelers,home
16,Steelers16,12/21/2024,16:30:00,Steelers,Ravens,away
16,Falcons16,12/22/2024,13:00:00,Falcons,Giants,home
16,Bills16,12/22/2024,13:00:00,Bills,Patriots,home
16,Panthers16,12/22/2024,13:00:00,Panthers,Cardinals,home
16,Bears16,12/22/2024,13:00:00,Bears,Lions,home
16,Colts16,12/22/2024,13:00:00,Colts,Titans,home
16,Jets16,12/22/2024,13:00:00,Jets,Rams,home
16,Commanders16,12/22/2024,13:00:00,Commanders,Eagles,home
16,Giants16,12/22/2024,13:00:00,Giants,Falcons,away
16,Patriots16,12/22/2024,13:00:00,Patriots,Bills,away
16,Cardinals16,12/22/2024,13:00:00,Cardinals,Panthers,away
16,Lions16,12/22/2024,13:00:00,Lions,Bears,away
16,Titans16,12/22/2024,13:00:00,Titans,Colts,away
16,Rams16,12/22/2024,13:00:00,Rams,Jets,away
16,Eagles16,12/22/2024,13:00:00,Eagles,Commanders,away
16,Chargers16,12/19/2024,20:15:00,Chargers,Broncos,home
16,Seahawks16,12/22/2024,16:05:00,Seahawks,Vikings,home
16,Broncos16,12/19/2024,20:15:00,Broncos,Chargers,away
16,Vikings16,12/22/2024,16:05:00,Vikings,Seahawks,away
16,Raiders16,12/22/2024,16:25:00,Raiders,Jaguars,home
16,Dolphins16,12/22/2024,16:25:00,Dolphins,49ers,home
16,Jaguars16,12/22/2024,16:25:00,Jaguars,Raiders,away
16,49ers16,12/22/2024,16:25:00,49ers,Dolphins,away
16,Cowboys16,12/22/2024,20:20:00,Cowboys,Buccaneers,home
16,Buccaneers16,12/22/2024,20:20:00,Buccaneers,Cowboys,away
16,Packers16,12/23/2024,20:15:00,Packers,Saints,home
16,Saints16,12/23/2024,20:15:00,Saints,Packers,away
17,Steelers17,12/25/2024,13:00:00,Steelers,Chiefs,home
17,Chiefs17,12/25/2024,13:00:00,Chiefs,Steelers,away
17,Texans17,12/25/2024,16:30:00,Texans,Ravens,home
17,Ravens17,12/25/2024,16:30:00,Ravens,Texans,away
17,Bears17,12/26/2024,20:15:00,Bears,Seahawks,home
17,Seahawks17,12/26/2024,20:15:00,Seahawks,Bears,away
17,Bengals17,12/27/2024,19:00:00,Bengals,Broncos,home
17,Rams17,12/27/2024,19:00:00,Rams,Cardinals,home
17,Patriots17,12/27/2024,19:00:00,Patriots,Chargers,home
17,Giants17,12/27/2024,19:00:00,Giants,Colts,home
17,Commanders17,12/27/2024,19:00:00,Commanders,Falcons,home
17,Broncos17,12/27/2024,19:00:00,Broncos,Bengals,away
17,Cardinals17,12/27/2024,19:00:00,Cardinals,Rams,away
17,Chargers17,12/27/2024,19:00:00,Chargers,Patriots,away
17,Colts17,12/27/2024,19:00:00,Colts,Giants,away
17,Falcons17,12/27/2024,19:00:00,Falcons,Commanders,away
17,Bills17,12/29/2024,13:00:00,Bills,Jets,home
17,Jaguars17,12/29/2024,13:00:00,Jaguars,Titans,home
17,Vikings17,12/29/2024,13:00:00,Vikings,Packers,home
17,Saints17,12/29/2024,13:00:00,Saints,Raiders,home
17,Buccaneers17,12/29/2024,13:00:00,Buccaneers,Panthers,home
17,Jets17,12/29/2024,13:00:00,Jets,Bills,away
17,Titans17,12/29/2024,13:00:00,Titans,Jaguars,away
17,Packers17,12/29/2024,13:00:00,Packers,Vikings,away
17,Raiders17,12/29/2024,13:00:00,Raiders,Saints,away
17,Panthers17,12/29/2024,13:00:00,Panthers,Buccaneers,away
17,Eagles17,12/29/2024,16:25:00,Eagles,Cowboys,home
17,Cowboys17,12/29/2024,16:25:00,Cowboys,Eagles,away
17,Browns17,12/29/2024,20:20:00,Browns,Dolphins,home
17,Dolphins17,12/29/2024,20:20:00,Dolphins,Browns,away
17,49ers17,12/30/2024,20:15:00,49ers,Lions,home
17,Lions17,12/30/2024,20:15:00,Lions,49ers,away
18,Cardinals18,1/3/2025,19:00:00,Cardinals,49ers,home
18,Falcons18,1/3/2025,19:00:00,Falcons,Panthers,home
18,Ravens18,1/3/2025,19:00:00,Ravens,Browns,home
18,Cowboys18,1/3/2025,19:00:00,Cowboys,Commanders,home
18,Broncos18,1/3/2025,19:00:00,Broncos,Chiefs,home
18,Lions18,1/3/2025,19:00:00,Lions,Vikings,home
18,Packers18,1/3/2025,19:00:00,Packers,Bears,home
18,Colts18,1/3/2025,19:00:00,Colts,Jaguars,home
18,Rams18,1/3/2025,19:00:00,Rams,Seahawks,home
18,Raiders18,1/3/2025,19:00:00,Raiders,Chargers,home
18,Patriots18,1/3/2025,19:00:00,Patriots,Bills,home
18,Jets18,1/3/2025,19:00:00,Jets,Dolphins,home
18,Eagles18,1/3/2025,19:00:00,Eagles,Giants,home
18,Steelers18,1/3/2025,19:00:00,Steelers,Bengals,home
18,Buccaneers18,1/3/2025,19:00:00,Buccaneers,Saints,home
18,Titans18,1/3/2025,19:00:00,Titans,Texans,home
18,49ers18,1/3/2025,19:00:00,49ers,Cardinals,away
18,Panthers18,1/3/2025,19:00:00,Panthers,Falcons,away
18,Browns18,1/3/2025,19:00:00,Browns,Ravens,away
18,Commanders18,1/3/2025,19:00:00,Commanders,Cowboys,away
18,Chiefs18,1/3/2025,19:00:00,Chiefs,Broncos,away
18,Vikings18,1/3/2025,19:00:00,Vikings,Lions,away
18,Bears18,1/3/2025,19:00:00,Bears,Packers,away
18,Jaguars18,1/3/2025,19:00:00,Jaguars,Colts,away
18,Seahawks18,1/3/2025,19:00:00,Seahawks,Rams,away
18,Chargers18,1/3/2025,19:00:00,Chargers,Raiders,away
18,Bills18,1/3/2025,19:00:00,Bills,Patriots,away
18,Dolphins18,1/3/2025,19:00:00,Dolphins,Jets,away
18,Giants18,1/3/2025,19:00:00,Giants,Eagles,away
18,Bengals18,1/3/2025,19:00:00,Bengals,Steelers,away
18,Saints18,1/3/2025,19:00:00,Saints,Buccaneers,away
18,Texans18,1/3/2025,19:00:00,Texans,Titans,away
