,nflweek,kickdatestr,gameday,away,home
0,1,09/04/2025,Thu,Cowboys,Eagles
1,1,09/05/2025,Fri,Chiefs,Chargers
2,1,09/07/2025,Sun,Buccaneers,Falcons
3,1,09/07/2025,Sun,Bengals,Browns
4,1,09/07/2025,Sun,Dolphins,Colts
5,1,09/07/2025,Sun,Panthers,Jaguars
6,1,09/07/2025,Sun,Raiders,Patriots
7,1,09/07/2025,Sun,Cardinals,Saints
8,1,09/07/2025,Sun,Steelers,Jets
9,1,09/07/2025,Sun,Giants,Commanders
10,1,09/07/2025,Sun,Titans,Broncos
11,1,09/07/2025,Sun,49ers,Seahawks
12,1,09/07/2025,Sun,Lions,Packers
13,1,09/07/2025,Sun,Texans,Rams
14,1,09/07/2025,Sun,Ravens,Bills
15,1,09/08/2025,Mon,Vikings,Bears
16,2,09/11/2025,Thu,Commanders,Packers
17,2,09/14/2025,Sun,Browns,Ravens
18,2,09/14/2025,Sun,Jaguars,Bengals
19,2,09/14/2025,Sun,Giants,Cowboys
20,2,09/14/2025,Sun,Bears,Lions
21,2,09/14/2025,Sun,Patriots,Dolphins
22,2,09/14/2025,Sun,49ers,Saints
23,2,09/14/2025,Sun,Bills,Jets
24,2,09/14/2025,Sun,Seahawks,Steelers
25,2,09/14/2025,Sun,Rams,Titans
26,2,09/14/2025,Sun,Panthers,Cardinals
27,2,09/14/2025,Sun,Broncos,Colts
28,2,09/14/2025,Sun,Eagles,Chiefs
29,2,09/14/2025,Sun,Falcons,Vikings
30,2,09/15/2025,Mon,Buccaneers,Texans
31,2,09/15/2025,Mon,Chargers,Raiders
32,3,09/18/2025,Thu,Dolphins,Bills
33,3,09/21/2025,Sun,Falcons,Panthers
34,3,09/21/2025,Sun,Packers,Browns
35,3,09/21/2025,Sun,Texans,Jaguars
36,3,09/21/2025,Sun,Bengals,Vikings
37,3,09/21/2025,Sun,Steelers,Patriots
38,3,09/21/2025,Sun,Rams,Eagles
39,3,09/21/2025,Sun,Jets,Buccaneers
40,3,09/21/2025,Sun,Colts,Titans
41,3,09/21/2025,Sun,Raiders,Commanders
42,3,09/21/2025,Sun,Broncos,Chargers
43,3,09/21/2025,Sun,Saints,Seahawks
44,3,09/21/2025,Sun,Cowboys,Bears
45,3,09/21/2025,Sun,Cardinals,49ers
46,3,09/21/2025,Sun,Chiefs,Giants
47,3,09/22/2025,Mon,Lions,Ravens
48,4,09/25/2025,Thu,Seahawks,Cardinals
49,4,09/28/2025,Sun,Vikings,Steelers
50,4,09/28/2025,Sun,Commanders,Falcons
51,4,09/28/2025,Sun,Saints,Bills
52,4,09/28/2025,Sun,Browns,Lions
53,4,09/28/2025,Sun,Titans,Texans
54,4,09/28/2025,Sun,Panthers,Patriots
55,4,09/28/2025,Sun,Chargers,Giants
56,4,09/28/2025,Sun,Eagles,Buccaneers
57,4,09/28/2025,Sun,Colts,Rams
58,4,09/28/2025,Sun,Jaguars,49ers
59,4,09/28/2025,Sun,Ravens,Chiefs
60,4,09/28/2025,Sun,Bears,Raiders
61,4,09/28/2025,Sun,Packers,Cowboys
62,4,09/29/2025,Mon,Jets,Dolphins
63,4,09/29/2025,Mon,Bengals,Broncos
64,5,10/02/2025,Thu,49ers,Rams
65,5,10/05/2025,Sun,Vikings,Browns
66,5,10/05/2025,Sun,Texans,Ravens
67,5,10/05/2025,Sun,Dolphins,Panthers
68,5,10/05/2025,Sun,Raiders,Colts
69,5,10/05/2025,Sun,Giants,Saints
70,5,10/05/2025,Sun,Cowboys,Jets
71,5,10/05/2025,Sun,Broncos,Eagles
72,5,10/05/2025,Sun,Titans,Cardinals
73,5,10/05/2025,Sun,Buccaneers,Seahawks
74,5,10/05/2025,Sun,Lions,Bengals
75,5,10/05/2025,Sun,Commanders,Chargers
76,5,10/05/2025,Sun,Patriots,Bills
77,5,10/06/2025,Mon,Chiefs,Jaguars
78,6,10/09/2025,Thu,Eagles,Giants
79,6,10/12/2025,Sun,Broncos,Jets
80,6,10/12/2025,Sun,Rams,Ravens
81,6,10/12/2025,Sun,Cowboys,Panthers
82,6,10/12/2025,Sun,Cardinals,Colts
83,6,10/12/2025,Sun,Seahawks,Jaguars
84,6,10/12/2025,Sun,Chargers,Dolphins
85,6,10/12/2025,Sun,Browns,Steelers
86,6,10/12/2025,Sun,49ers,Buccaneers
87,6,10/12/2025,Sun,Titans,Raiders
88,6,10/12/2025,Sun,Bengals,Packers
89,6,10/12/2025,Sun,Patriots,Saints
90,6,10/12/2025,Sun,Lions,Chiefs
91,6,10/13/2025,Mon,Bills,Falcons
92,6,10/13/2025,Mon,Bears,Commanders
93,7,10/16/2025,Thu,Steelers,Bengals
94,7,10/19/2025,Sun,Rams,Jaguars
95,7,10/19/2025,Sun,Saints,Bears
96,7,10/19/2025,Sun,Dolphins,Browns
97,7,10/19/2025,Sun,Raiders,Chiefs
98,7,10/19/2025,Sun,Eagles,Vikings
99,7,10/19/2025,Sun,Panthers,Jets
100,7,10/19/2025,Sun,Patriots,Titans
101,7,10/19/2025,Sun,Giants,Broncos
102,7,10/19/2025,Sun,Colts,Chargers
103,7,10/19/2025,Sun,Packers,Cardinals
104,7,10/19/2025,Sun,Commanders,Cowboys
105,7,10/19/2025,Sun,Falcons,49ers
106,7,10/20/2025,Mon,Buccaneers,Lions
107,7,10/20/2025,Mon,Texans,Seahawks
108,8,10/23/2025,Thu,Vikings,Chargers
109,8,10/26/2025,Sun,Dolphins,Falcons
110,8,10/26/2025,Sun,Bears,Ravens
111,8,10/26/2025,Sun,Bills,Panthers
112,8,10/26/2025,Sun,Jets,Bengals
113,8,10/26/2025,Sun,49ers,Texans
114,8,10/26/2025,Sun,Browns,Patriots
115,8,10/26/2025,Sun,Giants,Eagles
116,8,10/26/2025,Sun,Buccaneers,Saints
117,8,10/26/2025,Sun,Cowboys,Broncos
118,8,10/26/2025,Sun,Titans,Colts
119,8,10/26/2025,Sun,Packers,Steelers
120,8,10/27/2025,Mon,Commanders,Chiefs
121,9,10/30/2025,Thu,Ravens,Dolphins
122,9,11/02/2025,Sun,Bears,Bengals
123,9,11/02/2025,Sun,Vikings,Lions
124,9,11/02/2025,Sun,Panthers,Packers
125,9,11/02/2025,Sun,Broncos,Texans
126,9,11/02/2025,Sun,Falcons,Patriots
127,9,11/02/2025,Sun,49ers,Giants
128,9,11/02/2025,Sun,Colts,Steelers
129,9,11/02/2025,Sun,Chargers,Titans
130,9,11/02/2025,Sun,Saints,Rams
131,9,11/02/2025,Sun,Jaguars,Raiders
132,9,11/02/2025,Sun,Chiefs,Bills
133,9,11/02/2025,Sun,Seahawks,Commanders
134,9,11/03/2025,Mon,Cardinals,Cowboys
135,10,11/06/2025,Thu,Raiders,Broncos
136,10,11/09/2025,Sun,Falcons,Colts
137,10,11/09/2025,Sun,Saints,Panthers
138,10,11/09/2025,Sun,Giants,Bears
139,10,11/09/2025,Sun,Jaguars,Texans
140,10,11/09/2025,Sun,Bills,Dolphins
141,10,11/09/2025,Sun,Ravens,Vikings
142,10,11/09/2025,Sun,Browns,Jets
143,10,11/09/2025,Sun,Patriots,Buccaneers
144,10,11/09/2025,Sun,Cardinals,Seahawks
145,10,11/09/2025,Sun,Rams,49ers
146,10,11/09/2025,Sun,Lions,Commanders
147,10,11/09/2025,Sun,Steelers,Chargers
148,10,11/10/2025,Mon,Eagles,Packers
149,11,11/13/2025,Thu,Jets,Patriots
150,11,11/16/2025,Sun,Commanders,Dolphins
151,11,11/16/2025,Sun,Panthers,Falcons
152,11,11/16/2025,Sun,Buccaneers,Bills
153,11,11/16/2025,Sun,Chargers,Jaguars
154,11,11/16/2025,Sun,Bears,Vikings
155,11,11/16/2025,Sun,Packers,Giants
156,11,11/16/2025,Sun,Bengals,Steelers
157,11,11/16/2025,Sun,Texans,Titans
158,11,11/16/2025,Sun,49ers,Cardinals
159,11,11/16/2025,Sun,Seahawks,Rams
160,11,11/16/2025,Sun,Ravens,Browns
161,11,11/16/2025,Sun,Chiefs,Broncos
162,11,11/16/2025,Sun,Lions,Eagles
163,11,11/17/2025,Mon,Cowboys,Raiders
164,12,11/20/2025,Thu,Bills,Texans
165,12,11/23/2025,Sun,Jets,Ravens
166,12,11/23/2025,Sun,Steelers,Bears
167,12,11/23/2025,Sun,Patriots,Bengals
168,12,11/23/2025,Sun,Giants,Lions
169,12,11/23/2025,Sun,Vikings,Packers
170,12,11/23/2025,Sun,Colts,Chiefs
171,12,11/23/2025,Sun,Seahawks,Titans
172,12,11/23/2025,Sun,Jaguars,Cardinals
173,12,11/23/2025,Sun,Browns,Raiders
174,12,11/23/2025,Sun,Eagles,Cowboys
175,12,11/23/2025,Sun,Falcons,Saints
176,12,11/23/2025,Sun,Buccaneers,Rams
177,12,11/24/2025,Mon,Panthers,49ers
178,13,11/27/2025,Thu,Packers,Lions
179,13,11/27/2025,Thu,Chiefs,Cowboys
180,13,11/27/2025,Thu,Bengals,Ravens
181,13,11/28/2025,Fri,Bears,Eagles
182,13,11/30/2025,Sun,Rams,Panthers
183,13,11/30/2025,Sun,49ers,Browns
184,13,11/30/2025,Sun,Texans,Colts
185,13,11/30/2025,Sun,Saints,Dolphins
186,13,11/30/2025,Sun,Falcons,Jets
187,13,11/30/2025,Sun,Cardinals,Buccaneers
188,13,11/30/2025,Sun,Jaguars,Titans
189,13,11/30/2025,Sun,Vikings,Seahawks
190,13,11/30/2025,Sun,Raiders,Chargers
191,13,11/30/2025,Sun,Bills,Steelers
192,13,11/30/2025,Sun,Broncos,Commanders
193,13,12/01/2025,Mon,Giants,Patriots
194,14,12/04/2025,Thu,Cowboys,Lions
195,14,12/07/2025,Sun,Seahawks,Falcons
196,14,12/07/2025,Sun,Steelers,Ravens
197,14,12/07/2025,Sun,Titans,Browns
198,14,12/07/2025,Sun,Bears,Packers
199,14,12/07/2025,Sun,Colts,Jaguars
200,14,12/07/2025,Sun,Commanders,Vikings
201,14,12/07/2025,Sun,Dolphins,Jets
202,14,12/07/2025,Sun,Saints,Buccaneers
203,14,12/07/2025,Sun,Broncos,Raiders
204,14,12/07/2025,Sun,Rams,Cardinals
205,14,12/07/2025,Sun,Bengals,Bills
206,14,12/07/2025,Sun,Texans,Chiefs
207,14,12/08/2025,Mon,Eagles,Chargers
208,15,12/11/2025,Thu,Falcons,Buccaneers
209,15,12/14/2025,Sun,Browns,Bears
210,15,12/14/2025,Sun,Ravens,Bengals
211,15,12/14/2025,Sun,Cardinals,Texans
212,15,12/14/2025,Sun,Jets,Jaguars
213,15,12/14/2025,Sun,Chargers,Chiefs
214,15,12/14/2025,Sun,Bills,Patriots
215,15,12/14/2025,Sun,Commanders,Giants
216,15,12/14/2025,Sun,Raiders,Eagles
217,15,12/14/2025,Sun,Packers,Broncos
218,15,12/14/2025,Sun,Lions,Rams
219,15,12/14/2025,Sun,Panthers,Saints
220,15,12/14/2025,Sun,Colts,Seahawks
221,15,12/14/2025,Sun,Titans,49ers
222,15,12/14/2025,Sun,Vikings,Cowboys
223,15,12/15/2025,Mon,Dolphins,Steelers
224,16,12/18/2025,Thu,Rams,Seahawks
225,16,12/21/2025,Sun,Patriots,Ravens
226,16,12/21/2025,Sun,Buccaneers,Panthers
227,16,12/21/2025,Sun,Bills,Browns
228,16,12/21/2025,Sun,Chargers,Cowboys
229,16,12/21/2025,Sun,Jets,Saints
230,16,12/21/2025,Sun,Vikings,Giants
231,16,12/21/2025,Sun,Chiefs,Titans
232,16,12/21/2025,Sun,Falcons,Cardinals
233,16,12/21/2025,Sun,Jaguars,Broncos
234,16,12/21/2025,Sun,Steelers,Lions
235,16,12/21/2025,Sun,Raiders,Texans
236,16,12/21/2025,Sun,Packers,Bears
237,16,12/21/2025,Sun,Eagles,Commanders
238,16,12/21/2025,Sun,Bengals,Dolphins
239,16,12/22/2025,Mon,49ers,Colts
240,17,12/25/2025,Thu,Cowboys,Commanders
241,17,12/25/2025,Thu,Lions,Vikings
242,17,12/25/2025,Thu,Broncos,Chiefs
243,17,12/28/2025,Sun,Steelers,Browns
244,17,12/28/2025,Sun,Jaguars,Colts
245,17,12/28/2025,Sun,Buccaneers,Dolphins
246,17,12/28/2025,Sun,Patriots,Jets
247,17,12/28/2025,Sun,Saints,Titans
248,17,12/28/2025,Sun,Eagles,Bills
249,17,12/28/2025,Sun,Bears,49ers
250,17,12/29/2025,Mon,Seahawks,Panthers
251,17,12/29/2025,Mon,Cardinals,Bengals
252,17,12/29/2025,Mon,Ravens,Packers
253,17,12/29/2025,Mon,Texans,Chargers
254,17,12/29/2025,Mon,Giants,Raiders
255,17,12/29/2025,Mon,Rams,Falcons
256,18,01/04/2026,Sun,Saints,Falcons
257,18,01/04/2026,Sun,Jets,Bills
258,18,01/04/2026,Sun,Lions,Bears
259,18,01/04/2026,Sun,Browns,Bengals
260,18,01/04/2026,Sun,Chargers,Broncos
261,18,01/04/2026,Sun,Colts,Texans
262,18,01/04/2026,Sun,Titans,Jaguars
263,18,01/04/2026,Sun,Cardinals,Rams
264,18,01/04/2026,Sun,Chiefs,Raiders
265,18,01/04/2026,Sun,Packers,Vikings
266,18,01/04/2026,Sun,Dolphins,Patriots
267,18,01/04/2026,Sun,Cowboys,Giants
268,18,01/04/2026,Sun,Commanders,Eagles
269,18,01/04/2026,Sun,Ravens,Steelers
270,18,01/04/2026,Sun,Seahawks,49ers
271,18,01/04/2026,Sun,Panthers,Buccaneers
