nflweek,rotat,date,kickoff,side,opp,awayhome,,,,,
1,Eagles1,9/4/2025,8:20 PM,Eagles,Cowboys,home,,,,,
1,Chargers1,9/5/2025,8:00 PM,Chargers,Chiefs,home,,,,,
1,Falcons1,9/7/2025,1:00 PM,Falcons,Buccaneers,home,,,,,
1,Browns1,9/7/2025,1:00 PM,Browns,Bengals,home,,,,,
1,Colts1,9/7/2025,1:00 PM,Colts,Dolphins,home,,,,,
1,Jaguars1,9/7/2025,1:00 PM,Jaguars,Panthers,home,,,,,
1,Patriots1,9/7/2025,1:00 PM,Patriots,Raiders,home,,,,,
1,Saints1,9/7/2025,1:00 PM,Saints,Cardinals,home,,,,,
1,Jets1,9/7/2025,1:00 PM,Jets,Steelers,home,,,,,
1,Commanders1,9/7/2025,1:00 PM,Commanders,Giants,home,,,,,
1,Broncos1,9/7/2025,4:05 PM,Broncos,Titans,home,,,,,
1,Seahawks1,9/7/2025,4:05 PM,Seahawks,49ers,home,,,,,
1,Packers1,9/7/2025,4:25 PM,Packers,Lions,home,,,,,
1,Rams1,9/7/2025,4:25 PM,Rams,Texans,home,,,,,
1,Bills1,9/7/2025,8:20 PM,Bills,Ravens,home,,,,,
1,Bears1,9/8/2025,8:15 PM,Bears,Vikings,home,,,,,
2,Packers2,9/11/2025,8:15 PM,Packers,Commanders,home,,,,,
2,Ravens2,9/14/2025,1:00 PM,Ravens,Browns,home,,,,,
2,Bengals2,9/14/2025,1:00 PM,Bengals,Jaguars,home,,,,,
2,Cowboys2,9/14/2025,1:00 PM,Cowboys,Giants,home,,,,,
2,Lions2,9/14/2025,1:00 PM,Lions,Bears,home,,,,,
2,Dolphins2,9/14/2025,1:00 PM,Dolphins,Patriots,home,,,,,
2,Saints2,9/14/2025,1:00 PM,Saints,49ers,home,,,,,
2,Jets2,9/14/2025,1:00 PM,Jets,Bills,home,,,,,
2,Steelers2,9/14/2025,1:00 PM,Steelers,Seahawks,home,,,,,
2,Titans2,9/14/2025,1:00 PM,Titans,Rams,home,,,,,
2,Cardinals2,9/14/2025,4:05 PM,Cardinals,Panthers,home,,,,,
2,Colts2,9/14/2025,4:05 PM,Colts,Broncos,home,,,,,
2,Chiefs2,9/14/2025,4:25 PM,Chiefs,Eagles,home,,,,,
2,Vikings2,9/14/2025,8:20 PM,Vikings,Falcons,home,,,,,
2,Texans2,9/15/2025,7:00 PM,Texans,Buccaneers,home,,,,,
2,Raiders2,9/15/2025,10:00 PM,Raiders,Chargers,home,,,,,
3,Bills3,9/18/2025,8:15 PM,Bills,Dolphins,home,,,,,
3,Panthers3,9/21/2025,1:00 PM,Panthers,Falcons,home,,,,,
3,Browns3,9/21/2025,1:00 PM,Browns,Packers,home,,,,,
3,Jaguars3,9/21/2025,1:00 PM,Jaguars,Texans,home,,,,,
3,Vikings3,9/21/2025,1:00 PM,Vikings,Bengals,home,,,,,
3,Patriots3,9/21/2025,1:00 PM,Patriots,Steelers,home,,,,,
3,Eagles3,9/21/2025,1:00 PM,Eagles,Rams,home,,,,,
3,Buccaneers3,9/21/2025,1:00 PM,Buccaneers,Jets,home,,,,,
3,Titans3,9/21/2025,1:00 PM,Titans,Colts,home,,,,,
3,Commanders3,9/21/2025,1:00 PM,Commanders,Raiders,home,,,,,
3,Chargers3,9/21/2025,4:05 PM,Chargers,Broncos,home,,,,,
3,Seahawks3,9/21/2025,4:05 PM,Seahawks,Saints,home,,,,,
3,Bears3,9/21/2025,4:25 PM,Bears,Cowboys,home,,,,,
3,49ers3,9/21/2025,4:25 PM,49ers,Cardinals,home,,,,,
3,Giants3,9/21/2025,8:20 PM,Giants,Chiefs,home,,,,,
3,Ravens3,9/22/2025,8:15 PM,Ravens,Lions,home,,,,,
4,Cardinals4,9/25/2025,8:15 PM,Cardinals,Seahawks,home,,,,,
4,Steelers4,9/28/2025,9:30 AM,Steelers,Vikings,home,,,,,
4,Falcons4,9/28/2025,1:00 PM,Falcons,Commanders,home,,,,,
4,Bills4,9/28/2025,1:00 PM,Bills,Saints,home,,,,,
4,Lions4,9/28/2025,1:00 PM,Lions,Browns,home,,,,,
4,Texans4,9/28/2025,1:00 PM,Texans,Titans,home,,,,,
4,Patriots4,9/28/2025,1:00 PM,Patriots,Panthers,home,,,,,
4,Giants4,9/28/2025,1:00 PM,Giants,Chargers,home,,,,,
4,Buccaneers4,9/28/2025,1:00 PM,Buccaneers,Eagles,home,,,,,
4,Rams4,9/28/2025,4:05 PM,Rams,Colts,home,,,,,
4,49ers4,9/28/2025,4:05 PM,49ers,Jaguars,home,,,,,
4,Chiefs4,9/28/2025,4:25 PM,Chiefs,Ravens,home,,,,,
4,Raiders4,9/28/2025,4:25 PM,Raiders,Bears,home,,,,,
4,Cowboys4,9/28/2025,8:20 PM,Cowboys,Packers,home,,,,,
4,Dolphins4,9/29/2025,7:15 PM,Dolphins,Jets,home,,,,,
4,Broncos4,9/29/2025,8:15 PM,Broncos,Bengals,home,,,,,
5,Rams5,10/2/2025,8:15 PM,Rams,49ers,home,,,,,
5,Browns5,10/5/2025,9:30 AM,Browns,Vikings,home,,,,,
5,Ravens5,10/5/2025,1:00 PM,Ravens,Texans,home,,,,,
5,Panthers5,10/5/2025,1:00 PM,Panthers,Dolphins,home,,,,,
5,Colts5,10/5/2025,1:00 PM,Colts,Raiders,home,,,,,
5,Saints5,10/5/2025,1:00 PM,Saints,Giants,home,,,,,
5,Jets5,10/5/2025,1:00 PM,Jets,Cowboys,home,,,,,
5,Eagles5,10/5/2025,1:00 PM,Eagles,Broncos,home,,,,,
5,Cardinals5,10/5/2025,4:05 PM,Cardinals,Titans,home,,,,,
5,Seahawks5,10/5/2025,4:05 PM,Seahawks,Buccaneers,home,,,,,
5,Bengals5,10/5/2025,4:25 PM,Bengals,Lions,home,,,,,
5,Chargers5,10/5/2025,4:25 PM,Chargers,Commanders,home,,,,,
5,Bills5,10/5/2025,8:20 PM,Bills,Patriots,home,,,,,
5,Jaguars5,10/6/2025,8:15 PM,Jaguars,Chiefs,home,,,,,
6,Giants6,10/9/2025,8:15 PM,Giants,Eagles,home,,,,,
6,Jets6,10/12/2025,9:30 AM,Jets,Broncos,home,,,,,
6,Ravens6,10/12/2025,1:00 PM,Ravens,Rams,home,,,,,
6,Panthers6,10/12/2025,1:00 PM,Panthers,Cowboys,home,,,,,
6,Colts6,10/12/2025,1:00 PM,Colts,Cardinals,home,,,,,
6,Jaguars6,10/12/2025,1:00 PM,Jaguars,Seahawks,home,,,,,
6,Dolphins6,10/12/2025,1:00 PM,Dolphins,Chargers,home,,,,,
6,Steelers6,10/12/2025,1:00 PM,Steelers,Browns,home,,,,,
6,Buccaneers6,10/12/2025,1:00 PM,Buccaneers,49ers,home,,,,,
6,Raiders6,10/12/2025,4:05 PM,Raiders,Titans,home,,,,,
6,Packers6,10/12/2025,4:25 PM,Packers,Bengals,home,,,,,
6,Saints6,10/12/2025,4:25 PM,Saints,Patriots,home,,,,,
6,Chiefs6,10/12/2025,8:20 PM,Chiefs,Lions,home,,,,,
6,Falcons6,10/13/2025,7:15 PM,Falcons,Bills,home,,,,,
6,Commanders6,10/13/2025,8:15 PM,Commanders,Bears,home,,,,,
7,Bengals7,10/16/2025,8:15 PM,Bengals,Steelers,home,,,,,
7,Jaguars7,10/19/2025,9:30 AM,Jaguars,Rams,home,,,,,
7,Bears7,10/19/2025,1:00 PM,Bears,Saints,home,,,,,
7,Browns7,10/19/2025,1:00 PM,Browns,Dolphins,home,,,,,
7,Chiefs7,10/19/2025,1:00 PM,Chiefs,Raiders,home,,,,,
7,Vikings7,10/19/2025,1:00 PM,Vikings,Eagles,home,,,,,
7,Jets7,10/19/2025,1:00 PM,Jets,Panthers,home,,,,,
7,Titans7,10/19/2025,1:00 PM,Titans,Patriots,home,,,,,
7,Broncos7,10/19/2025,4:05 PM,Broncos,Giants,home,,,,,
7,Chargers7,10/19/2025,4:05 PM,Chargers,Colts,home,,,,,
7,Cardinals7,10/19/2025,4:25 PM,Cardinals,Packers,home,,,,,
7,Cowboys7,10/19/2025,4:25 PM,Cowboys,Commanders,home,,,,,
7,49ers7,10/19/2025,8:20 PM,49ers,Falcons,home,,,,,
7,Lions7,10/20/2025,7:00 PM,Lions,Buccaneers,home,,,,,
7,Seahawks7,10/20/2025,10:00 PM,Seahawks,Texans,home,,,,,
8,Chargers8,10/23/2025,8:15 PM,Chargers,Vikings,home,,,,,
8,Falcons8,10/26/2025,1:00 PM,Falcons,Dolphins,home,,,,,
8,Ravens8,10/26/2025,1:00 PM,Ravens,Bears,home,,,,,
8,Panthers8,10/26/2025,1:00 PM,Panthers,Bills,home,,,,,
8,Bengals8,10/26/2025,1:00 PM,Bengals,Jets,home,,,,,
8,Texans8,10/26/2025,1:00 PM,Texans,49ers,home,,,,,
8,Patriots8,10/26/2025,1:00 PM,Patriots,Browns,home,,,,,
8,Eagles8,10/26/2025,1:00 PM,Eagles,Giants,home,,,,,
8,Saints8,10/26/2025,4:05 PM,Saints,Buccaneers,home,,,,,
8,Broncos8,10/26/2025,4:25 PM,Broncos,Cowboys,home,,,,,
8,Colts8,10/26/2025,4:25 PM,Colts,Titans,home,,,,,
8,Steelers8,10/26/2025,8:20 PM,Steelers,Packers,home,,,,,
8,Chiefs8,10/27/2025,8:15 PM,Chiefs,Commanders,home,,,,,
9,Dolphins9,10/30/2025,8:15 PM,Dolphins,Ravens,home,,,,,
9,Bengals9,11/2/2025,1:00 PM,Bengals,Bears,home,,,,,
9,Lions9,11/2/2025,1:00 PM,Lions,Vikings,home,,,,,
9,Packers9,11/2/2025,1:00 PM,Packers,Panthers,home,,,,,
9,Texans9,11/2/2025,1:00 PM,Texans,Broncos,home,,,,,
9,Patriots9,11/2/2025,1:00 PM,Patriots,Falcons,home,,,,,
9,Giants9,11/2/2025,1:00 PM,Giants,49ers,home,,,,,
9,Steelers9,11/2/2025,1:00 PM,Steelers,Colts,home,,,,,
9,Titans9,11/2/2025,1:00 PM,Titans,Chargers,home,,,,,
9,Rams9,11/2/2025,4:05 PM,Rams,Saints,home,,,,,
9,Raiders9,11/2/2025,4:05 PM,Raiders,Jaguars,home,,,,,
9,Bills9,11/2/2025,4:25 PM,Bills,Chiefs,home,,,,,
9,Commanders9,11/2/2025,8:20 PM,Commanders,Seahawks,home,,,,,
9,Cowboys9,11/3/2025,8:15 PM,Cowboys,Cardinals,home,,,,,
10,Broncos10,11/6/2025,8:15 PM,Broncos,Raiders,home,,,,,
10,Colts10,11/9/2025,9:30 AM,Colts,Falcons,home,,,,,
10,Panthers10,11/9/2025,1:00 PM,Panthers,Saints,home,,,,,
10,Bears10,11/9/2025,1:00 PM,Bears,Giants,home,,,,,
10,Texans10,11/9/2025,1:00 PM,Texans,Jaguars,home,,,,,
10,Dolphins10,11/9/2025,1:00 PM,Dolphins,Bills,home,,,,,
10,Vikings10,11/9/2025,1:00 PM,Vikings,Ravens,home,,,,,
10,Jets10,11/9/2025,1:00 PM,Jets,Browns,home,,,,,
10,Buccaneers10,11/9/2025,1:00 PM,Buccaneers,Patriots,home,,,,,
10,Seahawks10,11/9/2025,4:05 PM,Seahawks,Cardinals,home,,,,,
10,49ers10,11/9/2025,4:25 PM,49ers,Rams,home,,,,,
10,Commanders10,11/9/2025,4:25 PM,Commanders,Lions,home,,,,,
10,Chargers10,11/9/2025,8:20 PM,Chargers,Steelers,home,,,,,
10,Packers10,11/10/2025,8:15 PM,Packers,Eagles,home,,,,,
11,Patriots11,11/13/2025,8:15 PM,Patriots,Jets,home,,,,,
11,Dolphins11,11/16/2025,9:30 AM,Dolphins,Commanders,home,,,,,
11,Falcons11,11/16/2025,1:00 PM,Falcons,Panthers,home,,,,,
11,Bills11,11/16/2025,1:00 PM,Bills,Buccaneers,home,,,,,
11,Jaguars11,11/16/2025,1:00 PM,Jaguars,Chargers,home,,,,,
11,Vikings11,11/16/2025,1:00 PM,Vikings,Bears,home,,,,,
11,Giants11,11/16/2025,1:00 PM,Giants,Packers,home,,,,,
11,Steelers11,11/16/2025,1:00 PM,Steelers,Bengals,home,,,,,
11,Titans11,11/16/2025,1:00 PM,Titans,Texans,home,,,,,
11,Cardinals11,11/16/2025,4:05 PM,Cardinals,49ers,home,,,,,
11,Rams11,11/16/2025,4:05 PM,Rams,Seahawks,home,,,,,
11,Browns11,11/16/2025,4:25 PM,Browns,Ravens,home,,,,,
11,Broncos11,11/16/2025,4:25 PM,Broncos,Chiefs,home,,,,,
11,Eagles11,11/16/2025,8:20 PM,Eagles,Lions,home,,,,,
11,Raiders11,11/17/2025,8:15 PM,Raiders,Cowboys,home,,,,,
12,Texans12,11/20/2025,8:15 PM,Texans,Bills,home,,,,,
12,Ravens12,11/23/2025,1:00 PM,Ravens,Jets,home,,,,,
12,Bears12,11/23/2025,1:00 PM,Bears,Steelers,home,,,,,
12,Bengals12,11/23/2025,1:00 PM,Bengals,Patriots,home,,,,,
12,Lions12,11/23/2025,1:00 PM,Lions,Giants,home,,,,,
12,Packers12,11/23/2025,1:00 PM,Packers,Vikings,home,,,,,
12,Chiefs12,11/23/2025,1:00 PM,Chiefs,Colts,home,,,,,
12,Titans12,11/23/2025,1:00 PM,Titans,Seahawks,home,,,,,
12,Cardinals12,11/23/2025,4:05 PM,Cardinals,Jaguars,home,,,,,
12,Raiders12,11/23/2025,4:05 PM,Raiders,Browns,home,,,,,
12,Cowboys12,11/23/2025,4:25 PM,Cowboys,Eagles,home,,,,,
12,Saints12,11/23/2025,4:25 PM,Saints,Falcons,home,,,,,
12,Rams12,11/23/2025,8:20 PM,Rams,Buccaneers,home,,,,,
12,49ers12,11/24/2025,8:15 PM,49ers,Panthers,home,,,,,
13,Lions13,11/27/2025,1:00 PM,Lions,Packers,home,,,,,
13,Cowboys13,11/27/2025,4:30 PM,Cowboys,Chiefs,home,,,,,
13,Ravens13,11/27/2025,8:20 PM,Ravens,Bengals,home,,,,,
13,Eagles13,11/28/2025,3:00 PM,Eagles,Bears,home,,,,,
13,Panthers13,11/30/2025,1:00 PM,Panthers,Rams,home,,,,,
13,Browns13,11/30/2025,1:00 PM,Browns,49ers,home,,,,,
13,Colts13,11/30/2025,1:00 PM,Colts,Texans,home,,,,,
13,Dolphins13,11/30/2025,1:00 PM,Dolphins,Saints,home,,,,,
13,Jets13,11/30/2025,1:00 PM,Jets,Falcons,home,,,,,
13,Buccaneers13,11/30/2025,1:00 PM,Buccaneers,Cardinals,home,,,,,
13,Titans13,11/30/2025,1:00 PM,Titans,Jaguars,home,,,,,
13,Seahawks13,11/30/2025,4:05 PM,Seahawks,Vikings,home,,,,,
13,Chargers13,11/30/2025,4:25 PM,Chargers,Raiders,home,,,,,
13,Steelers13,11/30/2025,4:25 PM,Steelers,Bills,home,,,,,
13,Commanders13,11/30/2025,8:20 PM,Commanders,Broncos,home,,,,,
13,Patriots13,12/1/2025,8:15 PM,Patriots,Giants,home,,,,,
14,Lions14,12/4/2025,8:15 PM,Lions,Cowboys,home,,,,,
14,Falcons14,12/7/2025,1:00 PM,Falcons,Seahawks,home,,,,,
14,Ravens14,12/7/2025,1:00 PM,Ravens,Steelers,home,,,,,
14,Browns14,12/7/2025,1:00 PM,Browns,Titans,home,,,,,
14,Packers14,12/7/2025,1:00 PM,Packers,Bears,home,,,,,
14,Jaguars14,12/7/2025,1:00 PM,Jaguars,Colts,home,,,,,
14,Vikings14,12/7/2025,1:00 PM,Vikings,Commanders,home,,,,,
14,Jets14,12/7/2025,1:00 PM,Jets,Dolphins,home,,,,,
14,Buccaneers14,12/7/2025,1:00 PM,Buccaneers,Saints,home,,,,,
14,Raiders14,12/7/2025,4:05 PM,Raiders,Broncos,home,,,,,
14,Cardinals14,12/7/2025,4:25 PM,Cardinals,Rams,home,,,,,
14,Bills14,12/7/2025,4:25 PM,Bills,Bengals,home,,,,,
14,Chiefs14,12/7/2025,8:20 PM,Chiefs,Texans,home,,,,,
14,Chargers14,12/8/2025,8:15 PM,Chargers,Eagles,home,,,,,
15,Buccaneers15,12/11/2025,8:15 PM,Buccaneers,Falcons,home,,,,,
15,Bears15,12/14/2025,1:00 PM,Bears,Browns,home,,,,,
15,Bengals15,12/14/2025,1:00 PM,Bengals,Ravens,home,,,,,
15,Texans15,12/14/2025,1:00 PM,Texans,Cardinals,home,,,,,
15,Jaguars15,12/14/2025,1:00 PM,Jaguars,Jets,home,,,,,
15,Chiefs15,12/14/2025,1:00 PM,Chiefs,Chargers,home,,,,,
15,Patriots15,12/14/2025,1:00 PM,Patriots,Bills,home,,,,,
15,Giants15,12/14/2025,1:00 PM,Giants,Commanders,home,,,,,
15,Eagles15,12/14/2025,1:00 PM,Eagles,Raiders,home,,,,,
15,Broncos15,12/14/2025,4:25 PM,Broncos,Packers,home,,,,,
15,Rams15,12/14/2025,4:25 PM,Rams,Lions,home,,,,,
15,Saints15,12/14/2025,4:25 PM,Saints,Panthers,home,,,,,
15,Seahawks15,12/14/2025,4:25 PM,Seahawks,Colts,home,,,,,
15,49ers15,12/14/2025,4:25 PM,49ers,Titans,home,,,,,
15,Cowboys15,12/14/2025,8:20 PM,Cowboys,Vikings,home,,,,,
15,Steelers15,12/15/2025,8:15 PM,Steelers,Dolphins,home,,,,,
16,Seahawks16,12/18/2025,8:15 PM,Seahawks,Rams,home,,,,,
16,Ravens16,12/21/2025,1:00 PM,Ravens,Patriots,home,,,,,
16,Panthers16,12/21/2025,1:00 PM,Panthers,Buccaneers,home,,,,,
16,Browns16,12/21/2025,1:00 PM,Browns,Bills,home,,,,,
16,Cowboys16,12/21/2025,1:00 PM,Cowboys,Chargers,home,,,,,
16,Saints16,12/21/2025,1:00 PM,Saints,Jets,home,,,,,
16,Giants16,12/21/2025,1:00 PM,Giants,Vikings,home,,,,,
16,Titans16,12/21/2025,1:00 PM,Titans,Chiefs,home,,,,,
16,Cardinals16,12/21/2025,4:05 PM,Cardinals,Falcons,home,,,,,
16,Broncos16,12/21/2025,4:05 PM,Broncos,Jaguars,home,,,,,
16,Lions16,12/21/2025,4:25 PM,Lions,Steelers,home,,,,,
16,Texans16,12/21/2025,4:25 PM,Texans,Raiders,home,,,,,
16,Bears16,12/21/2025,7:00 PM,Bears,Packers,home,,,,,
16,Commanders16,12/21/2025,7:00 PM,Commanders,Eagles,home,,,,,
16,Dolphins16,12/21/2025,8:20 PM,Dolphins,Bengals,home,,,,,
16,Colts16,12/22/2025,8:15 PM,Colts,49ers,home,,,,,
17,Commanders17,12/25/2025,1:00 PM,Commanders,Cowboys,home,,,,,
17,Vikings17,12/25/2025,4:30 PM,Vikings,Lions,home,,,,,
17,Chiefs17,12/25/2025,8:15 PM,Chiefs,Broncos,home,,,,,
17,Browns17,12/28/2025,1:00 PM,Browns,Steelers,home,,,,,
17,Colts17,12/28/2025,1:00 PM,Colts,Jaguars,home,,,,,
17,Dolphins17,12/28/2025,1:00 PM,Dolphins,Buccaneers,home,,,,,
17,Jets17,12/28/2025,1:00 PM,Jets,Patriots,home,,,,,
17,Titans17,12/28/2025,1:00 PM,Titans,Saints,home,,,,,
17,Bills17,12/28/2025,4:25 PM,Bills,Eagles,home,,,,,
17,49ers17,12/28/2025,8:20 PM,49ers,Bears,home,,,,,
17,Panthers17,12/29/2025,7:00 PM,Panthers,Seahawks,home,,,,,
17,Bengals17,12/29/2025,7:00 PM,Bengals,Cardinals,home,,,,,
17,Packers17,12/29/2025,7:00 PM,Packers,Ravens,home,,,,,
17,Chargers17,12/29/2025,7:00 PM,Chargers,Texans,home,,,,,
17,Raiders17,12/29/2025,7:00 PM,Raiders,Giants,home,,,,,
17,Falcons17,12/29/2025,8:15 PM,Falcons,Rams,home,,,,,
18,Falcons18,1/4/2026,7:00 PM,Falcons,Saints,home,,,,,
18,Bills18,1/4/2026,7:00 PM,Bills,Jets,home,,,,,
18,Bears18,1/4/2026,7:00 PM,Bears,Lions,home,,,,,
18,Bengals18,1/4/2026,7:00 PM,Bengals,Browns,home,,,,,
18,Broncos18,1/4/2026,7:00 PM,Broncos,Chargers,home,,,,,
18,Texans18,1/4/2026,7:00 PM,Texans,Colts,home,,,,,
18,Jaguars18,1/4/2026,7:00 PM,Jaguars,Titans,home,,,,,
18,Rams18,1/4/2026,7:00 PM,Rams,Cardinals,home,,,,,
18,Raiders18,1/4/2026,7:00 PM,Raiders,Chiefs,home,,,,,
18,Vikings18,1/4/2026,7:00 PM,Vikings,Packers,home,,,,,
18,Patriots18,1/4/2026,7:00 PM,Patriots,Dolphins,home,,,,,
18,Giants18,1/4/2026,7:00 PM,Giants,Cowboys,home,,,,,
18,Eagles18,1/4/2026,7:00 PM,Eagles,Commanders,home,,,,,
18,Steelers18,1/4/2026,7:00 PM,Steelers,Ravens,home,,,,,
18,49ers18,1/4/2026,7:00 PM,49ers,Seahawks,home,,,,,
18,Buccaneers18,1/4/2026,7:00 PM,Buccaneers,Panthers,home,,,,,
1,Cowboys1,9/4/2025,8:20 PM,Cowboys,Eagles,away,,,,,
1,Chiefs1,9/5/2025,8:00 PM,Chiefs,Chargers,away,,,,,
1,Buccaneers1,9/7/2025,1:00 PM,Buccaneers,Falcons,away,,,,,
1,Bengals1,9/7/2025,1:00 PM,Bengals,Browns,away,,,,,
1,Dolphins1,9/7/2025,1:00 PM,Dolphins,Colts,away,,,,,
1,Panthers1,9/7/2025,1:00 PM,Panthers,Jaguars,away,,,,,
1,Raiders1,9/7/2025,1:00 PM,Raiders,Patriots,away,,,,,
1,Cardinals1,9/7/2025,1:00 PM,Cardinals,Saints,away,,,,,
1,Steelers1,9/7/2025,1:00 PM,Steelers,Jets,away,,,,,
1,Giants1,9/7/2025,1:00 PM,Giants,Commanders,away,,,,,
1,Titans1,9/7/2025,4:05 PM,Titans,Broncos,away,,,,,
1,49ers1,9/7/2025,4:05 PM,49ers,Seahawks,away,,,,,
1,Lions1,9/7/2025,4:25 PM,Lions,Packers,away,,,,,
1,Texans1,9/7/2025,4:25 PM,Texans,Rams,away,,,,,
1,Ravens1,9/7/2025,8:20 PM,Ravens,Bills,away,,,,,
1,Vikings1,9/8/2025,8:15 PM,Vikings,Bears,away,,,,,
2,Commanders2,9/11/2025,8:15 PM,Commanders,Packers,away,,,,,
2,Browns2,9/14/2025,1:00 PM,Browns,Ravens,away,,,,,
2,Jaguars2,9/14/2025,1:00 PM,Jaguars,Bengals,away,,,,,
2,Giants2,9/14/2025,1:00 PM,Giants,Cowboys,away,,,,,
2,Bears2,9/14/2025,1:00 PM,Bears,Lions,away,,,,,
2,Patriots2,9/14/2025,1:00 PM,Patriots,Dolphins,away,,,,,
2,49ers2,9/14/2025,1:00 PM,49ers,Saints,away,,,,,
2,Bills2,9/14/2025,1:00 PM,Bills,Jets,away,,,,,
2,Seahawks2,9/14/2025,1:00 PM,Seahawks,Steelers,away,,,,,
2,Rams2,9/14/2025,1:00 PM,Rams,Titans,away,,,,,
2,Panthers2,9/14/2025,4:05 PM,Panthers,Cardinals,away,,,,,
2,Broncos2,9/14/2025,4:05 PM,Broncos,Colts,away,,,,,
2,Eagles2,9/14/2025,4:25 PM,Eagles,Chiefs,away,,,,,
2,Falcons2,9/14/2025,8:20 PM,Falcons,Vikings,away,,,,,
2,Buccaneers2,9/15/2025,7:00 PM,Buccaneers,Texans,away,,,,,
2,Chargers2,9/15/2025,10:00 PM,Chargers,Raiders,away,,,,,
3,Dolphins3,9/18/2025,8:15 PM,Dolphins,Bills,away,,,,,
3,Falcons3,9/21/2025,1:00 PM,Falcons,Panthers,away,,,,,
3,Packers3,9/21/2025,1:00 PM,Packers,Browns,away,,,,,
3,Texans3,9/21/2025,1:00 PM,Texans,Jaguars,away,,,,,
3,Bengals3,9/21/2025,1:00 PM,Bengals,Vikings,away,,,,,
3,Steelers3,9/21/2025,1:00 PM,Steelers,Patriots,away,,,,,
3,Rams3,9/21/2025,1:00 PM,Rams,Eagles,away,,,,,
3,Jets3,9/21/2025,1:00 PM,Jets,Buccaneers,away,,,,,
3,Colts3,9/21/2025,1:00 PM,Colts,Titans,away,,,,,
3,Raiders3,9/21/2025,1:00 PM,Raiders,Commanders,away,,,,,
3,Broncos3,9/21/2025,4:05 PM,Broncos,Chargers,away,,,,,
3,Saints3,9/21/2025,4:05 PM,Saints,Seahawks,away,,,,,
3,Cowboys3,9/21/2025,4:25 PM,Cowboys,Bears,away,,,,,
3,Cardinals3,9/21/2025,4:25 PM,Cardinals,49ers,away,,,,,
3,Chiefs3,9/21/2025,8:20 PM,Chiefs,Giants,away,,,,,
3,Lions3,9/22/2025,8:15 PM,Lions,Ravens,away,,,,,
4,Seahawks4,9/25/2025,8:15 PM,Seahawks,Cardinals,away,,,,,
4,Vikings4,9/28/2025,9:30 AM,Vikings,Steelers,away,,,,,
4,Commanders4,9/28/2025,1:00 PM,Commanders,Falcons,away,,,,,
4,Saints4,9/28/2025,1:00 PM,Saints,Bills,away,,,,,
4,Browns4,9/28/2025,1:00 PM,Browns,Lions,away,,,,,
4,Titans4,9/28/2025,1:00 PM,Titans,Texans,away,,,,,
4,Panthers4,9/28/2025,1:00 PM,Panthers,Patriots,away,,,,,
4,Chargers4,9/28/2025,1:00 PM,Chargers,Giants,away,,,,,
4,Eagles4,9/28/2025,1:00 PM,Eagles,Buccaneers,away,,,,,
4,Colts4,9/28/2025,4:05 PM,Colts,Rams,away,,,,,
4,Jaguars4,9/28/2025,4:05 PM,Jaguars,49ers,away,,,,,
4,Ravens4,9/28/2025,4:25 PM,Ravens,Chiefs,away,,,,,
4,Bears4,9/28/2025,4:25 PM,Bears,Raiders,away,,,,,
4,Packers4,9/28/2025,8:20 PM,Packers,Cowboys,away,,,,,
4,Jets4,9/29/2025,7:15 PM,Jets,Dolphins,away,,,,,
4,Bengals4,9/29/2025,8:15 PM,Bengals,Broncos,away,,,,,
5,49ers5,10/2/2025,8:15 PM,49ers,Rams,away,,,,,
5,Vikings5,10/5/2025,9:30 AM,Vikings,Browns,away,,,,,
5,Texans5,10/5/2025,1:00 PM,Texans,Ravens,away,,,,,
5,Dolphins5,10/5/2025,1:00 PM,Dolphins,Panthers,away,,,,,
5,Raiders5,10/5/2025,1:00 PM,Raiders,Colts,away,,,,,
5,Giants5,10/5/2025,1:00 PM,Giants,Saints,away,,,,,
5,Cowboys5,10/5/2025,1:00 PM,Cowboys,Jets,away,,,,,
5,Broncos5,10/5/2025,1:00 PM,Broncos,Eagles,away,,,,,
5,Titans5,10/5/2025,4:05 PM,Titans,Cardinals,away,,,,,
5,Buccaneers5,10/5/2025,4:05 PM,Buccaneers,Seahawks,away,,,,,
5,Lions5,10/5/2025,4:25 PM,Lions,Bengals,away,,,,,
5,Commanders5,10/5/2025,4:25 PM,Commanders,Chargers,away,,,,,
5,Patriots5,10/5/2025,8:20 PM,Patriots,Bills,away,,,,,
5,Chiefs5,10/6/2025,8:15 PM,Chiefs,Jaguars,away,,,,,
6,Eagles6,10/9/2025,8:15 PM,Eagles,Giants,away,,,,,
6,Broncos6,10/12/2025,9:30 AM,Broncos,Jets,away,,,,,
6,Rams6,10/12/2025,1:00 PM,Rams,Ravens,away,,,,,
6,Cowboys6,10/12/2025,1:00 PM,Cowboys,Panthers,away,,,,,
6,Cardinals6,10/12/2025,1:00 PM,Cardinals,Colts,away,,,,,
6,Seahawks6,10/12/2025,1:00 PM,Seahawks,Jaguars,away,,,,,
6,Chargers6,10/12/2025,1:00 PM,Chargers,Dolphins,away,,,,,
6,Browns6,10/12/2025,1:00 PM,Browns,Steelers,away,,,,,
6,49ers6,10/12/2025,1:00 PM,49ers,Buccaneers,away,,,,,
6,Titans6,10/12/2025,4:05 PM,Titans,Raiders,away,,,,,
6,Bengals6,10/12/2025,4:25 PM,Bengals,Packers,away,,,,,
6,Patriots6,10/12/2025,4:25 PM,Patriots,Saints,away,,,,,
6,Lions6,10/12/2025,8:20 PM,Lions,Chiefs,away,,,,,
6,Bills6,10/13/2025,7:15 PM,Bills,Falcons,away,,,,,
6,Bears6,10/13/2025,8:15 PM,Bears,Commanders,away,,,,,
7,Steelers7,10/16/2025,8:15 PM,Steelers,Bengals,away,,,,,
7,Rams7,10/19/2025,9:30 AM,Rams,Jaguars,away,,,,,
7,Saints7,10/19/2025,1:00 PM,Saints,Bears,away,,,,,
7,Dolphins7,10/19/2025,1:00 PM,Dolphins,Browns,away,,,,,
7,Raiders7,10/19/2025,1:00 PM,Raiders,Chiefs,away,,,,,
7,Eagles7,10/19/2025,1:00 PM,Eagles,Vikings,away,,,,,
7,Panthers7,10/19/2025,1:00 PM,Panthers,Jets,away,,,,,
7,Patriots7,10/19/2025,1:00 PM,Patriots,Titans,away,,,,,
7,Giants7,10/19/2025,4:05 PM,Giants,Broncos,away,,,,,
7,Colts7,10/19/2025,4:05 PM,Colts,Chargers,away,,,,,
7,Packers7,10/19/2025,4:25 PM,Packers,Cardinals,away,,,,,
7,Commanders7,10/19/2025,4:25 PM,Commanders,Cowboys,away,,,,,
7,Falcons7,10/19/2025,8:20 PM,Falcons,49ers,away,,,,,
7,Buccaneers7,10/20/2025,7:00 PM,Buccaneers,Lions,away,,,,,
7,Texans7,10/20/2025,10:00 PM,Texans,Seahawks,away,,,,,
8,Vikings8,10/23/2025,8:15 PM,Vikings,Chargers,away,,,,,
8,Dolphins8,10/26/2025,1:00 PM,Dolphins,Falcons,away,,,,,
8,Bears8,10/26/2025,1:00 PM,Bears,Ravens,away,,,,,
8,Bills8,10/26/2025,1:00 PM,Bills,Panthers,away,,,,,
8,Jets8,10/26/2025,1:00 PM,Jets,Bengals,away,,,,,
8,49ers8,10/26/2025,1:00 PM,49ers,Texans,away,,,,,
8,Browns8,10/26/2025,1:00 PM,Browns,Patriots,away,,,,,
8,Giants8,10/26/2025,1:00 PM,Giants,Eagles,away,,,,,
8,Buccaneers8,10/26/2025,4:05 PM,Buccaneers,Saints,away,,,,,
8,Cowboys8,10/26/2025,4:25 PM,Cowboys,Broncos,away,,,,,
8,Titans8,10/26/2025,4:25 PM,Titans,Colts,away,,,,,
8,Packers8,10/26/2025,8:20 PM,Packers,Steelers,away,,,,,
8,Commanders8,10/27/2025,8:15 PM,Commanders,Chiefs,away,,,,,
9,Ravens9,10/30/2025,8:15 PM,Ravens,Dolphins,away,,,,,
9,Bears9,11/2/2025,1:00 PM,Bears,Bengals,away,,,,,
9,Vikings9,11/2/2025,1:00 PM,Vikings,Lions,away,,,,,
9,Panthers9,11/2/2025,1:00 PM,Panthers,Packers,away,,,,,
9,Broncos9,11/2/2025,1:00 PM,Broncos,Texans,away,,,,,
9,Falcons9,11/2/2025,1:00 PM,Falcons,Patriots,away,,,,,
9,49ers9,11/2/2025,1:00 PM,49ers,Giants,away,,,,,
9,Colts9,11/2/2025,1:00 PM,Colts,Steelers,away,,,,,
9,Chargers9,11/2/2025,1:00 PM,Chargers,Titans,away,,,,,
9,Saints9,11/2/2025,4:05 PM,Saints,Rams,away,,,,,
9,Jaguars9,11/2/2025,4:05 PM,Jaguars,Raiders,away,,,,,
9,Chiefs9,11/2/2025,4:25 PM,Chiefs,Bills,away,,,,,
9,Seahawks9,11/2/2025,8:20 PM,Seahawks,Commanders,away,,,,,
9,Cardinals9,11/3/2025,8:15 PM,Cardinals,Cowboys,away,,,,,
10,Raiders10,11/6/2025,8:15 PM,Raiders,Broncos,away,,,,,
10,Falcons10,11/9/2025,9:30 AM,Falcons,Colts,away,,,,,
10,Saints10,11/9/2025,1:00 PM,Saints,Panthers,away,,,,,
10,Giants10,11/9/2025,1:00 PM,Giants,Bears,away,,,,,
10,Jaguars10,11/9/2025,1:00 PM,Jaguars,Texans,away,,,,,
10,Bills10,11/9/2025,1:00 PM,Bills,Dolphins,away,,,,,
10,Ravens10,11/9/2025,1:00 PM,Ravens,Vikings,away,,,,,
10,Browns10,11/9/2025,1:00 PM,Browns,Jets,away,,,,,
10,Patriots10,11/9/2025,1:00 PM,Patriots,Buccaneers,away,,,,,
10,Cardinals10,11/9/2025,4:05 PM,Cardinals,Seahawks,away,,,,,
10,Rams10,11/9/2025,4:25 PM,Rams,49ers,away,,,,,
10,Lions10,11/9/2025,4:25 PM,Lions,Commanders,away,,,,,
10,Steelers10,11/9/2025,8:20 PM,Steelers,Chargers,away,,,,,
10,Eagles10,11/10/2025,8:15 PM,Eagles,Packers,away,,,,,
11,Jets11,11/13/2025,8:15 PM,Jets,Patriots,away,,,,,
11,Commanders11,11/16/2025,9:30 AM,Commanders,Dolphins,away,,,,,
11,Panthers11,11/16/2025,1:00 PM,Panthers,Falcons,away,,,,,
11,Buccaneers11,11/16/2025,1:00 PM,Buccaneers,Bills,away,,,,,
11,Chargers11,11/16/2025,1:00 PM,Chargers,Jaguars,away,,,,,
11,Bears11,11/16/2025,1:00 PM,Bears,Vikings,away,,,,,
11,Packers11,11/16/2025,1:00 PM,Packers,Giants,away,,,,,
11,Bengals11,11/16/2025,1:00 PM,Bengals,Steelers,away,,,,,
11,Texans11,11/16/2025,1:00 PM,Texans,Titans,away,,,,,
11,49ers11,11/16/2025,4:05 PM,49ers,Cardinals,away,,,,,
11,Seahawks11,11/16/2025,4:05 PM,Seahawks,Rams,away,,,,,
11,Ravens11,11/16/2025,4:25 PM,Ravens,Browns,away,,,,,
11,Chiefs11,11/16/2025,4:25 PM,Chiefs,Broncos,away,,,,,
11,Lions11,11/16/2025,8:20 PM,Lions,Eagles,away,,,,,
11,Cowboys11,11/17/2025,8:15 PM,Cowboys,Raiders,away,,,,,
12,Bills12,11/20/2025,8:15 PM,Bills,Texans,away,,,,,
12,Jets12,11/23/2025,1:00 PM,Jets,Ravens,away,,,,,
12,Steelers12,11/23/2025,1:00 PM,Steelers,Bears,away,,,,,
12,Patriots12,11/23/2025,1:00 PM,Patriots,Bengals,away,,,,,
12,Giants12,11/23/2025,1:00 PM,Giants,Lions,away,,,,,
12,Vikings12,11/23/2025,1:00 PM,Vikings,Packers,away,,,,,
12,Colts12,11/23/2025,1:00 PM,Colts,Chiefs,away,,,,,
12,Seahawks12,11/23/2025,1:00 PM,Seahawks,Titans,away,,,,,
12,Jaguars12,11/23/2025,4:05 PM,Jaguars,Cardinals,away,,,,,
12,Browns12,11/23/2025,4:05 PM,Browns,Raiders,away,,,,,
12,Eagles12,11/23/2025,4:25 PM,Eagles,Cowboys,away,,,,,
12,Falcons12,11/23/2025,4:25 PM,Falcons,Saints,away,,,,,
12,Buccaneers12,11/23/2025,8:20 PM,Buccaneers,Rams,away,,,,,
12,Panthers12,11/24/2025,8:15 PM,Panthers,49ers,away,,,,,
13,Packers13,11/27/2025,1:00 PM,Packers,Lions,away,,,,,
13,Chiefs13,11/27/2025,4:30 PM,Chiefs,Cowboys,away,,,,,
13,Bengals13,11/27/2025,8:20 PM,Bengals,Ravens,away,,,,,
13,Bears13,11/28/2025,3:00 PM,Bears,Eagles,away,,,,,
13,Rams13,11/30/2025,1:00 PM,Rams,Panthers,away,,,,,
13,49ers13,11/30/2025,1:00 PM,49ers,Browns,away,,,,,
13,Texans13,11/30/2025,1:00 PM,Texans,Colts,away,,,,,
13,Saints13,11/30/2025,1:00 PM,Saints,Dolphins,away,,,,,
13,Falcons13,11/30/2025,1:00 PM,Falcons,Jets,away,,,,,
13,Cardinals13,11/30/2025,1:00 PM,Cardinals,Buccaneers,away,,,,,
13,Jaguars13,11/30/2025,1:00 PM,Jaguars,Titans,away,,,,,
13,Vikings13,11/30/2025,4:05 PM,Vikings,Seahawks,away,,,,,
13,Raiders13,11/30/2025,4:25 PM,Raiders,Chargers,away,,,,,
13,Bills13,11/30/2025,4:25 PM,Bills,Steelers,away,,,,,
13,Broncos13,11/30/2025,8:20 PM,Broncos,Commanders,away,,,,,
13,Giants13,12/1/2025,8:15 PM,Giants,Patriots,away,,,,,
14,Cowboys14,12/4/2025,8:15 PM,Cowboys,Lions,away,,,,,
14,Seahawks14,12/7/2025,1:00 PM,Seahawks,Falcons,away,,,,,
14,Steelers14,12/7/2025,1:00 PM,Steelers,Ravens,away,,,,,
14,Titans14,12/7/2025,1:00 PM,Titans,Browns,away,,,,,
14,Bears14,12/7/2025,1:00 PM,Bears,Packers,away,,,,,
14,Colts14,12/7/2025,1:00 PM,Colts,Jaguars,away,,,,,
14,Commanders14,12/7/2025,1:00 PM,Commanders,Vikings,away,,,,,
14,Dolphins14,12/7/2025,1:00 PM,Dolphins,Jets,away,,,,,
14,Saints14,12/7/2025,1:00 PM,Saints,Buccaneers,away,,,,,
14,Broncos14,12/7/2025,4:05 PM,Broncos,Raiders,away,,,,,
14,Rams14,12/7/2025,4:25 PM,Rams,Cardinals,away,,,,,
14,Bengals14,12/7/2025,4:25 PM,Bengals,Bills,away,,,,,
14,Texans14,12/7/2025,8:20 PM,Texans,Chiefs,away,,,,,
14,Eagles14,12/8/2025,8:15 PM,Eagles,Chargers,away,,,,,
15,Falcons15,12/11/2025,8:15 PM,Falcons,Buccaneers,away,,,,,
15,Browns15,12/14/2025,1:00 PM,Browns,Bears,away,,,,,
15,Ravens15,12/14/2025,1:00 PM,Ravens,Bengals,away,,,,,
15,Cardinals15,12/14/2025,1:00 PM,Cardinals,Texans,away,,,,,
15,Jets15,12/14/2025,1:00 PM,Jets,Jaguars,away,,,,,
15,Chargers15,12/14/2025,1:00 PM,Chargers,Chiefs,away,,,,,
15,Bills15,12/14/2025,1:00 PM,Bills,Patriots,away,,,,,
15,Commanders15,12/14/2025,1:00 PM,Commanders,Giants,away,,,,,
15,Raiders15,12/14/2025,1:00 PM,Raiders,Eagles,away,,,,,
15,Packers15,12/14/2025,4:25 PM,Packers,Broncos,away,,,,,
15,Lions15,12/14/2025,4:25 PM,Lions,Rams,away,,,,,
15,Panthers15,12/14/2025,4:25 PM,Panthers,Saints,away,,,,,
15,Colts15,12/14/2025,4:25 PM,Colts,Seahawks,away,,,,,
15,Titans15,12/14/2025,4:25 PM,Titans,49ers,away,,,,,
15,Vikings15,12/14/2025,8:20 PM,Vikings,Cowboys,away,,,,,
15,Dolphins15,12/15/2025,8:15 PM,Dolphins,Steelers,away,,,,,
16,Rams16,12/18/2025,8:15 PM,Rams,Seahawks,away,,,,,
16,Patriots16,12/21/2025,1:00 PM,Patriots,Ravens,away,,,,,
16,Buccaneers16,12/21/2025,1:00 PM,Buccaneers,Panthers,away,,,,,
16,Bills16,12/21/2025,1:00 PM,Bills,Browns,away,,,,,
16,Chargers16,12/21/2025,1:00 PM,Chargers,Cowboys,away,,,,,
16,Jets16,12/21/2025,1:00 PM,Jets,Saints,away,,,,,
16,Vikings16,12/21/2025,1:00 PM,Vikings,Giants,away,,,,,
16,Chiefs16,12/21/2025,1:00 PM,Chiefs,Titans,away,,,,,
16,Falcons16,12/21/2025,4:05 PM,Falcons,Cardinals,away,,,,,
16,Jaguars16,12/21/2025,4:05 PM,Jaguars,Broncos,away,,,,,
16,Steelers16,12/21/2025,4:25 PM,Steelers,Lions,away,,,,,
16,Raiders16,12/21/2025,4:25 PM,Raiders,Texans,away,,,,,
16,Packers16,12/21/2025,7:00 PM,Packers,Bears,away,,,,,
16,Eagles16,12/21/2025,7:00 PM,Eagles,Commanders,away,,,,,
16,Bengals16,12/21/2025,8:20 PM,Bengals,Dolphins,away,,,,,
16,49ers16,12/22/2025,8:15 PM,49ers,Colts,away,,,,,
17,Cowboys17,12/25/2025,1:00 PM,Cowboys,Commanders,away,,,,,
17,Lions17,12/25/2025,4:30 PM,Lions,Vikings,away,,,,,
17,Broncos17,12/25/2025,8:15 PM,Broncos,Chiefs,away,,,,,
17,Steelers17,12/28/2025,1:00 PM,Steelers,Browns,away,,,,,
17,Jaguars17,12/28/2025,1:00 PM,Jaguars,Colts,away,,,,,
17,Buccaneers17,12/28/2025,1:00 PM,Buccaneers,Dolphins,away,,,,,
17,Patriots17,12/28/2025,1:00 PM,Patriots,Jets,away,,,,,
17,Saints17,12/28/2025,1:00 PM,Saints,Titans,away,,,,,
17,Eagles17,12/28/2025,4:25 PM,Eagles,Bills,away,,,,,
17,Bears17,12/28/2025,8:20 PM,Bears,49ers,away,,,,,
17,Seahawks17,12/29/2025,7:00 PM,Seahawks,Panthers,away,,,,,
17,Cardinals17,12/29/2025,7:00 PM,Cardinals,Bengals,away,,,,,
17,Ravens17,12/29/2025,7:00 PM,Ravens,Packers,away,,,,,
17,Texans17,12/29/2025,7:00 PM,Texans,Chargers,away,,,,,
17,Giants17,12/29/2025,7:00 PM,Giants,Raiders,away,,,,,
17,Rams17,12/29/2025,8:15 PM,Rams,Falcons,away,,,,,
18,Saints18,1/4/2026,7:00 PM,Saints,Falcons,away,,,,,
18,Jets18,1/4/2026,7:00 PM,Jets,Bills,away,,,,,
18,Lions18,1/4/2026,7:00 PM,Lions,Bears,away,,,,,
18,Browns18,1/4/2026,7:00 PM,Browns,Bengals,away,,,,,
18,Chargers18,1/4/2026,7:00 PM,Chargers,Broncos,away,,,,,
18,Colts18,1/4/2026,7:00 PM,Colts,Texans,away,,,,,
18,Titans18,1/4/2026,7:00 PM,Titans,Jaguars,away,,,,,
18,Cardinals18,1/4/2026,7:00 PM,Cardinals,Rams,away,,,,,
18,Chiefs18,1/4/2026,7:00 PM,Chiefs,Raiders,away,,,,,
18,Packers18,1/4/2026,7:00 PM,Packers,Vikings,away,,,,,
18,Dolphins18,1/4/2026,7:00 PM,Dolphins,Patriots,away,,,,,
18,Cowboys18,1/4/2026,7:00 PM,Cowboys,Giants,away,,,,,
18,Commanders18,1/4/2026,7:00 PM,Commanders,Eagles,away,,,,,
18,Ravens18,1/4/2026,7:00 PM,Ravens,Steelers,away,,,,,
18,Seahawks18,1/4/2026,7:00 PM,Seahawks,49ers,away,,,,,
18,Panthers18,1/4/2026,7:00 PM,Panthers,Buccaneers,away,,,,,
